UI_20150317_000001	{@st41b}可以从各职业的导师处{nl}学习到对应的特性技能.{/}
UI_20150317_000002	{@st43}属性一览{/}
UI_20150317_000003	{@st59}关闭属性列表{/}
UI_20150317_000004	{@st43}学习特性{/}
UI_20150317_000005	{@st59}关闭属性窗口{/}
UI_20150317_000006	{@st41b}银{/}
UI_20150317_000007	我的成就
UI_20150317_000008	服务器排名
UI_20150317_000009	{@st59}出现紧急任务{/}
UI_20150317_000010	{@st59}出现提示{/}
UI_20150317_000011	{@st41}想制作哪种箭矢?{/}
UI_20150317_000012	{@st41b}单次{/}
UI_20150317_000013	{@st41b}全部{/}
UI_20150317_000014	{@st41b}中止{/}
UI_20150317_000015	{@st43}冒险日志{/}
UI_20150317_000016	{@st43}拍卖{/}
UI_20150317_000017	{@st59}关闭拍卖行{/}
UI_20150317_000018	{@st41b}成功拍卖 : %s个,  拍卖失败 : %s个{/}
UI_20150317_000019	{@st43}{s22}拍卖道具{/}
UI_20150317_000020	{@st59}关闭任务菜单{/}
UI_20150317_000021	圣母假日
UI_20150317_000022	{@st41b}剩余时间
UI_20150317_000023	3小时 16分
UI_20150317_000024	{@st41b}起价
UI_20150317_000025	{@st41b}竞拍数
UI_20150317_000026	{@st41b}现在
UI_20150317_000027	{@st41b}竞拍金额
UI_20150317_000028	{@st41b}最低 {@st57}%s {@st41b}银起可竞拍{/}
UI_20150317_000029	{@st41b}竞拍{/}
UI_20150317_000030	{@st43b}立刻购入!{nl}{img icon_item_silver 20 20}{@st57}%s{/}
UI_20150317_000031	{@st44}设定权限{/}
UI_20150317_000032	{@st45}名字:%s{/}
UI_20150317_000033	{@st45}队伍仓库{/}
UI_20150317_000034	{@st49}无
UI_20150317_000035	{@st49}取出
UI_20150317_000036	{@st49}存入
UI_20150317_000037	{@st45}问卷{/}
UI_20150317_000038	{@st49}创建
UI_20150317_000039	{@st49}删除
UI_20150317_000040	{@st44}保存{/}
UI_20150317_000041	{@st44}取消{/}
UI_20150317_000042	{@st43}{s22}美容室{/}
UI_20150317_000043	{@st59}前一个发型{/}
UI_20150317_000044	{@st59}下一个发型{/}
UI_20150317_000045	{@st41b}更改{s18}(需要 100 NXP){/}
UI_20150317_000046	{@st59}修改为选定的发型.{/}
UI_20150317_000047	{@st41}撤销
UI_20150317_000048	{@st43}黑市{/}
UI_20150317_000049	书籍名称
UI_20150317_000050	{@st59}结束阅读{/}
UI_20150317_000051	{@st59}前一页{/}
UI_20150317_000052	{@st59}后一页{/}
UI_20150317_000053	{@st47}%s 登场!!
UI_20150317_000054	{@st43}分数{/}
UI_20150317_000055	受到的伤害
UI_20150317_000056	技巧奖励
UI_20150317_000057	回避奖励
UI_20150317_000058	通关时间
UI_20150317_000059	总分
UI_20150317_000060	{@st42}已经过时间
UI_20150317_000061	10分
UI_20150317_000062	10秒
UI_20150317_000063	{@st44}放弃
UI_20150317_000064	{@st59}关闭自动售货机{/}
UI_20150317_000065	{@st43}BUFF 自动售货机
UI_20150317_000066	自动售货机名称
UI_20150317_000067	{@st43}登录
UI_20150317_000068	{@st43}取消
UI_20150317_000069	BUFF 自动售货机
UI_20150317_000070	{@st59}关闭BUFF 自动售货机.
UI_20150317_000071	{@st59}BUFF 自动售货机{nl} - 支付银币后可以获得该玩家赋予的buff.
UI_20150317_000072	马车菜单
UI_20150317_000073	{ol}{s22}下降{/}
UI_20150317_000074	咏唱
UI_20150317_000075	{@st43}游戏设定{/}
UI_20150317_000076	{@st64}请输入方向键选择单元!
UI_20150317_000077	{@st43}初始化设定{/}
UI_20150317_000078	{@st43}选择职阶
UI_20150317_000079	意志力
UI_20150317_000080	{@st42}%s 团体{/}
UI_20150317_000081	多少个团体
UI_20150317_000082	这里是职业简介.
UI_20150317_000083	{@st41b}攻击 {@sti7}%s{/}
UI_20150317_000084	{@st41b}治疗    {@sti7}%s{/}
UI_20150317_000085	{@st41b}难度 {@sti7}%s{/}
UI_20150317_000086	{@st59}关闭职业信息窗口{/}
UI_20150317_000087	可转职提示
UI_20150317_000088	{@st43}初始职业
UI_20150317_000089	{@sti7}{s14}角色{/}
UI_20150317_000090	{@sti8}{s14}职业{/}
UI_20150317_000091	{@st44}聊天{/}
UI_20150317_000092	To. WWWWWWWW 외 1
UI_20150317_000093	普通: /s 信息{nl}广播 : /y 信息{nl}队伍 : /p 信息{nl}私聊 : /w 队伍名 信息
UI_20150317_000094	{@st41}普通聊天{/}
UI_20150317_000095	{@59}结束{/}
UI_20150317_000096	{@59}邀请{/}
UI_20150317_000097	{@st59}全部{/}
UI_20150317_000098	{@st59}普通  (/s 信息){/}
UI_20150317_000099	{@st59}广播  (/y 信息){/}
UI_20150317_000100	{@st59}队伍  (/p 信息){/}
UI_20150317_000101	{@st59}私聊  (/w 队伍名 信息){/}
UI_20150317_000102	{@st59}调整聊天窗口大小{/}
UI_20150317_000103	{@st43}{s22}快捷聊天{/}
UI_20150317_000104	{@st43}快捷聊天{/}
UI_20150317_000105	{@st59b}快捷聊天{nl}{@st59s} - 使用方法 : {nl} 1. 从上方窗口选择手势记录至下方快捷栏{nl} 2. 将手势与设定好的信息组合起来{nl} 3. 绑定/激活对应热键.{/}
UI_20150317_000106	{@st59}关闭快捷聊天{/}
UI_20150317_000107	{@st41b}保存{/}
UI_20150317_000108	{@st59}保存快捷聊天{/}
UI_20150317_000109	{@st41b}取消{/}
UI_20150317_000110	{@st59}取消保存{/}
UI_20150317_000111	{@st42}聊天设定
UI_20150317_000112	{@st42}透明度
UI_20150317_000113	聊天气泡
UI_20150317_000114	在屏幕顶部显示喇叭
UI_20150317_000115	{@st43}黑名单{/}
UI_20150317_000116	{@st42b}  道具  {/}
UI_20150317_000117	{@st42b}  怪物  {/}
UI_20150317_000118	{@st42b}  地图移动  {/}
UI_20150317_000119	{@st42b}  战斗指令  {/}
UI_20150317_000120	{@st41b}关闭{/}
UI_20150317_000121	{s16}{b}双击或点击创建按钮可生成道具.
UI_20150317_000122	{s16}{b}个
UI_20150317_000123	{s16}{b}等级
UI_20150317_000124	{@st41b}查询{/}
UI_20150317_000125	{s16}{b}双击或点击创建按钮可召唤怪物.
UI_20150317_000126	{s16}{b}只
UI_20150317_000127	{s16}{b}选择期望区域
UI_20150317_000128	{s18}{b}显示小地图{/}
UI_20150317_000129	{@st41b}工具列表{/}
UI_20150317_000130	{@st59b}收集{nl}{@st59s} - 游戏内部分道具可通过收集栏收集{nl} - 收集的道具可通过快捷键激活{nl}{/}
UI_20150317_000131	{@st59}关闭收集栏{/}
UI_20150317_000132	{@st43}收集{/}
UI_20150317_000133	{@st43}彩色喷漆{/}
UI_20150317_000134	{@st49}彩色喷漆{/}
UI_20150317_000135	{@st49}色{/}
UI_20150317_000136	{@st49}余量{/}
UI_20150317_000137	{@st49}刷{/}
UI_20150317_000138	{@st49}{a END_EDIT_SPRAY}绘画{/}{/}
UI_20150317_000139	{@st49}{a SAVE_EDIT_SPRAY}保存{/}{/}
UI_20150317_000140	{@st49}{a LOAD_EDIT_SPRAY}存入{/}{/}
UI_20150317_000141	{@st49}关闭{/}
UI_20150317_000142	{@st43}预售宠物
UI_20150317_000143	{@st59}请输入预售的宠物名字{/}
UI_20150317_000144	{@st41b}名字{/}
UI_20150317_000145	{@st41b}价格     %s{/}
UI_20150317_000146	{@st59}关闭预售窗口{/}
UI_20150317_000147	{@st41b}预售
UI_20150317_000148	{@st59}选择预售的宠物{/}
UI_20150317_000149	{@st43}宠物商店
UI_20150317_000150	{@st59}关闭宠物商店{/}
UI_20150317_000151	{@st43}其他角色信息{/} {@st42}
UI_20150317_000152	{@st59}关闭角色信息窗口{/}
UI_20150317_000153	{@st41b}信息
UI_20150317_000154	{@st41b}记录
UI_20150317_000155	队伍名
UI_20150317_000156	角色名
UI_20150317_000157	{#ffff00}%s{/}排名 %s {#ffff00}%s{/}等级
UI_20150317_000158	战士
UI_20150317_000159	冒险指数 {#ffff00}%s{/} ({#ffff00}%s{/}排名/%s)
UI_20150317_000160	冒险指数 {#ffff00}%s{/} ({#ffff00}未排名{/})
UI_20150317_000161	成就完成 {#ffff00}%s{/}个
UI_20150317_000162	设定
UI_20150317_000163	确认删除标签标题时，标签也一并被删除
UI_20150317_000164	{@st49}全部{/}
UI_20150317_000165	{@st49}系统{/}
UI_20150317_000166	{@st49}对话{/}
UI_20150317_000167	{@st49}战斗{/}
UI_20150317_000168	{@st49}道具{/}
UI_20150317_000169	{@st43}积分{/}
UI_20150317_000170	{@st43}重设目标{/}
UI_20150317_000171	NPC名字
UI_20150317_000172	比较
UI_20150317_000173	插画
UI_20150317_000174	选择对话
UI_20150317_000175	帮助
UI_20150317_000176	{@st41}道具制作{/}
UI_20150317_000177	{@st45tw2}道具制作中...
UI_20150317_000178	%r 秒
UI_20150317_000179	{@st41}取消{/}
UI_20150317_000180	{@st45tw2}数量 {/}
UI_20150317_000181	{@st45tw2}要制作道具吗?
UI_20150317_000182	{@st41}确定{/}
UI_20150317_000183	任务信息
UI_20150317_000184	{@st59}取消交易{/}
UI_20150317_000185	{@st43}个人交易{/}
UI_20150317_000186	我的交易列表
UI_20150317_000187	银币 : %s
UI_20150317_000188	输入
UI_20150317_000189	{@st41}接受
UI_20150317_000190	{@st41}最终确认
UI_20150317_000191	对方的(%s) 交易列表
UI_20150317_000192	对方名字
UI_20150317_000193	{s18}{ol}{gr gradation1}区域活动{/}
UI_20150317_000194	{s20}{ol}부베족을 清除活动! 要参加活动吗?
UI_20150317_000195	{s20}{ol}%s 要参加活动吗?
UI_20150317_000196	{s20}{ol}参加人数 : (1/5)
UI_20150317_000197	{s20}{ol}参加人数 : (%s/%s)
UI_20150317_000198	{s20}{ol}1秒后开始游戏.
UI_20150317_000199	{s20}{ol}%s秒后开始游戏.
UI_20150317_000200	今日内不显示.
UI_20150317_000201	不显示区域活动.
UI_20150317_000202	加入游戏
UI_20150317_000203	与其他玩家一同开始游戏.
UI_20150317_000204	不加入游戏
UI_20150317_000205	预设喷雾
UI_20150317_000206	{@st49}选择{/}
UI_20150317_000207	{@st49}取消{/}
UI_20150317_000208	{@st49}删除{/}
UI_20150317_000209	输入想保存的文件的名字.
UI_20150317_000210	{@st43}朋友列表
UI_20150317_000211	{@st59}关闭朋友列表{/}
UI_20150317_000212	{@st59b}朋友列表{nl}{@st59s} - 朋友列表以账号为单位产生{nl} - 你可以在列表标签里确认或删除朋友状态{nl} - 你可以在【管理】中确认邀请，拒绝，屏蔽等内容{/}
UI_20150317_000213	{@st41b}在线朋友{/}
UI_20150317_000214	{@st41b}列表
UI_20150317_000215	{@st41b}设置
UI_20150317_000216	{@st41b}添加好友
UI_20150317_000217	{@st41b}屏蔽
UI_20150317_000218	{@st59}搜索{/}
UI_20150317_000219	{@st44}公会{/}
UI_20150317_000220	公会
UI_20150317_000221	列表
UI_20150317_000222	新闻
UI_20150317_000223	公会任务
UI_20150317_000224	在线成员数
UI_20150317_000225	{@st44}创建公会{/}
UI_20150317_000226	{@st42}创建{/}
UI_20150317_000227	{@st42}关闭{/}
UI_20150317_000228	{@st42}全体{/}
UI_20150317_000229	{@st42}本日排名{/}
UI_20150317_000230	{@st42}本周排名{/}
UI_20150317_000231	{@st56}排名{/}
UI_20150317_000232	{@st56}名次{/}
UI_20150317_000233	{@st56}分数{/}
UI_20150317_000234	{@st56}名字{/}
UI_20150317_000235	이전 페이지
UI_20150317_000236	다음 페이지
UI_20150317_000237	{@st42}ID 검색{/}
UI_20150317_000238	입력한 ID를 검색합니다
UI_20150317_000239	명예의 전당을 닫습니다
UI_20150317_000240	검색할 ID를 입력합니다
UI_20150317_000241	{@st59}体力{/}
UI_20150317_000242	{@st43}帮助列表{/}
UI_20150317_000243	{@st59}关闭帮助列表{/}
UI_20150317_000244	{@st59b}帮助列表{nl}{@st59s} - Selection of topics about game mechanics{nl} - Select the desired topic to view{/}
UI_20150317_000245	{@st43}{s22}帮助{/}
UI_20150317_000246	{@st47_b}{b}帮助主题{/}
UI_20150317_000247	{@st42b}简单的帮助内容{/}
UI_20150317_000248	{@st59}자세하게 보기{/}
UI_20150317_000249	请输入数量
UI_20150317_000250	{@st59}Enter the content{/}
UI_20150317_000251	{@st41b}确认
UI_20150317_000252	{@st59}Confirm entered information{/}
UI_20150317_000253	{@st41b}关闭
UI_20150317_000254	{@st59}取消编辑{/}
UI_20150317_000255	{@st43}跳跃{/}
UI_20150317_000256	{@st59}Close Warp Window{/}
UI_20150317_000257	{@st59b}Warp{nl}{@st59s} - systems that can warp their visit to the region{nl} - 워프가 2개이상일때 워프 기능 활성화{nl}{/}
UI_20150317_000258	{@st41}Current location : %s{/}
UI_20150317_000259	{@st43}{s22}Warp{/}
UI_20150317_000260	{@st41b}你想要移动到这个区域?{/}
UI_20150317_000261	What about Saul ray
UI_20150317_000262	Coin consumed : 0
UI_20150317_000263	Intro
UI_20150317_000264	{@st43}背包{/}
UI_20150317_000265	{@st59}关闭背包 {/}
UI_20150317_000266	{@st59b}清单列表{nl}{@st59s} - 头发/附加 : 自定义外形时装{nl} - 武器 : 单手或双手武器{nl}   (盾牌可与单手武器一齐使用){nl} - 防具 : 上衣, 下装, 手套, 鞋子{nl} - 首饰 : 项链, 手镯 (最大装备数2个) 和戒指{nl}{/}
UI_20150317_000267	{@st59}头饰 1{/}
UI_20150317_000268	{@st59}头饰 2{/}
UI_20150317_000269	{@st59}项链{/}
UI_20150317_000270	{@st59}装扮{/}
UI_20150317_000271	{@st59}上衣{/}
UI_20150317_000272	{@st59}手套{/}
UI_20150317_000273	{@st59}下装{/}
UI_20150317_000274	{@st59}鞋子{/}
UI_20150317_000275	{@st59}左手{/}
UI_20150317_000276	{@st59}右手{/}
UI_20150317_000277	{@st59}手镯 1{/}
UI_20150317_000278	{@st59}手镯 2{/}
UI_20150317_000279	{@st59}臂章{/}
UI_20150317_000280	{@st59}搜索道具名称{/}
UI_20150317_000281	负重
UI_20150317_000282	{@st43}装备 BUFF{/}
UI_20150317_000283	{@st59}关闭修理界面{/}
UI_20150317_000284	{@st42}可BUFF的装备列表
UI_20150317_000285	{@st42}消耗道具{/}
UI_20150317_000286	{@st42}执行
UI_20150317_000287	{@st42}目标道具{/}
UI_20150317_000288	{@st59}戒指 1{/}
UI_20150317_000289	{@st43}道具 制作{/}
UI_20150317_000290	{@st42b}只显示材料{/}
UI_20150317_000291	{@st59}关闭道具制作{/}
UI_20150317_000292	{@st43}{s22}损坏道具
UI_20150317_000293	{@st59}请输入数量{/}
UI_20150317_000294	怪物 体力槽
UI_20150317_000295	{@st44}设置道具获取{/}
UI_20150317_000296	键盘侠
UI_20150317_000297	击杀
UI_20150317_000298	99分 99秒
UI_20150317_000299	38000 点
UI_20150317_000300	特效药水
UI_20150317_000301	{@st41}确认{/}
UI_20150317_000302	{@st59b}冒险日志{nl}{@st59s} - 记录你的冒险历程{nl} - 取得道具, 击杀怪物, 制作, 探索地图, 根据内容完成度而获得的冒险指数{nl}    冒险指数：所有其他指数的总和{nl}   成长：每个等级与职业等级各获得5点{nl}    道具： 装备：评价X10点；书籍：10点；其他：1点{nl}    怪物：每个怪物10点 (Boss : 50点){nl}    探索地区：每10%获得1点{nl}    任务：每个任务1点{nl}    成就：各成就不同{nl}    制作地图 : 每张10点{nl}    收集：装饰5点；完成45点{nl} - 根据获得的冒险指数可在村里的npc处获得报酬{/}
UI_20150317_000303	{@sti7}{s22}{ds}完成冒险指数{/}
UI_20150317_000304	{@st42b}{#22FF22}最高 10% / %s点{/}
UI_20150317_000305	{@st42b}整体平均/  %s点{/}
UI_20150317_000306	1位 / %s点
UI_20150317_000307	%s位
UI_20150317_000308	%s点
UI_20150317_000309	职业
UI_20150317_000310	队伍
UI_20150317_000311	{@st59}关闭冒险日志{/}
UI_20150317_000312	{@st43}冒险排行榜{/}
UI_20150317_000313	{@st43}{s22}排名    
UI_20150317_000314	{@st43}{s22}名字
UI_20150317_000315	{@st43}{s22}积分
UI_20150317_000316	{@st41}상세정보{/}
UI_20150317_000317	{@st43}제작시작{/}
UI_20150317_000318	{@st59}道具 제작을 시작합니다.{/}
UI_20150317_000319	{@st44}키패드{/}
UI_20150317_000320	{@st42}제한 시간
UI_20150317_000321	{@st56}킬{/}
UI_20150317_000322	{@st56}오버킬{/}
UI_20150317_000323	{@st56}被击{/}
UI_20150317_000324	{@st56}死亡{/}
UI_20150317_000325	주문력
UI_20150317_000326	防御力
UI_20150317_000327	暴击率
UI_20150317_000328	치명타율
UI_20150317_000329	{@st43}插槽管理{/}
UI_20150317_000330	{@st59}关闭插槽管理{/}
UI_20150317_000331	道具을 올려주세요
UI_20150317_000332	潜力点
UI_20150317_000333	增加插槽费用 : {#ff9933}%s{/}{nl}提取宝石费用 : {#ff9933}%s{/}
UI_20150317_000334	{@st41b}增加插槽
UI_20150317_000335	{@st41b}提取宝石
UI_20150317_000336	{@st41}제조{/}
UI_20150317_000337	{@st41}%s  %s 개
UI_20150317_000338	지역 지도
UI_20150317_000339	探索率 : 95.5%
UI_20150317_000340	{@st45tw}探索率 %s%{/}
UI_20150317_000341	{@st59}지도를 닫습니다 (M){/}
UI_20150317_000342	{@st41}Map{/}
UI_20150317_000343	Shift(clear), Ctrl(Medium Level)
UI_20150317_000344	{ol}Title
UI_20150317_000345	{@st41}Add{/}
UI_20150317_000346	{@st41}Delete{/}
UI_20150317_000347	{@st41}Save{/}
UI_20150317_000348	{@st41}Auto{/}
UI_20150317_000349	{@st41}Init{/}
UI_20150317_000350	{@st59}Set the number of pieces.{/}
UI_20150317_000351	{ol}그룹
UI_20150317_000352	{ol}信箱
UI_20150317_000353	{ol}사운드
UI_20150317_000354	{@st41}미니맵 제작{/}
UI_20150317_000355	{@st55}지역 지도
UI_20150317_000356	{@st43}{s22}市场{/}
UI_20150317_000357	{@st43}{s24}市场{/}
UI_20150317_000358	{@st42b}目录{/}
UI_20150317_000359	{@st42b}种类{/}
UI_20150317_000360	{@st42b}等级{/}
UI_20150317_000361	{@st42b}强化{/}
UI_20150317_000362	{@st42b}名字
UI_20150317_000363	{@st41b}领取道具%s
UI_20150317_000364	{@st41b}卖出物品
UI_20150317_000365	{@st41b}搜索
UI_20150317_000366	{@st59}关闭市场菜单{/}
UI_20150317_000367	{@st42b}排序
UI_20150317_000368	{@st41b}买入物品
UI_20150317_000369	{@st43}{s22}Received Items
UI_20150317_000370	{@st41b}Receive all
UI_20150317_000371	{@st41b}领取道具
UI_20150317_000372	{@st43}{s22}판매 등록
UI_20150317_000373	{@st42b}数量
UI_20150317_000374	{@st42b}价格
UI_20150317_000375	{@st42b}公开卖方{/}
UI_20150317_000376	{@st41b}注册
UI_20150317_000377	공성전 코인
UI_20150317_000378	누군가누구를처치했습니다.
UI_20150317_000379	{@st43}미니게임{/}
UI_20150317_000380	{@st49}투석기발사{/}
UI_20150317_000381	{@st44}방향조절{/}
UI_20150317_000382	{@st44}발사{/}
UI_20150317_000383	미니게임
UI_20150317_000384	{s18}{ol}{gr gradation1}얼음 땡 미니게임{/}
UI_20150317_000385	{s16}미니게임에 要参加活动吗?
UI_20150317_000386	{s16}참가 인원 : (0/5)
UI_20150317_000387	{s16}참가 인원 : (%s/%s)
UI_20150317_000388	{s16}1초 후 게임이 시작됩니다.
UI_20150317_000389	{s16}%s초 후 게임이 시작됩니다.
UI_20150317_000390	{@st59}放大{/}
UI_20150317_000391	{@st59}缩小{/}
UI_20150317_000392	{@st59}显示地图(M){/}
UI_20150317_000393	{@st42b}地图
UI_20150317_000394	{@st44}道具 조합기{/}
UI_20150317_000395	{s16}{#FFcc66}{ol}제작할 道具을 선택하세요{/}{/}
UI_20150317_000396	{s16}{#FFcc66}{ol}재료 道具을 슬롯에 드래그 하세요
UI_20150317_000397	{@st42}제작{/}
UI_20150317_000398	{@st42}取消{/}
UI_20150317_000399	%s의 정보
UI_20150317_000400	케파라던가
UI_20150317_000401	{@st41}{상세정보}
UI_20150317_000402	{s20}{#050505}怪物 说明内容 怪物 설명 내용 怪物 설명 내용 怪物 설명 내용
UI_20150317_000403	{@st41} 击杀 {/}
UI_20150317_000404	{@st41} 超神击杀 {/}
UI_20150317_000405	{@st41} 普通击杀 {/}
UI_20150317_000406	{@st41} 地区 {/}
UI_20150317_000407	{@st41} 道具 {/}
UI_20150317_000408	{@st41} 成就 {/}
UI_20150317_000409	대상
UI_20150317_000410	{@st43}네크로노미콘{/}
UI_20150317_000411	{@st59}네크로노미콘 UI를 닫습니다{/}
UI_20150317_000412	{@st59}나는 아무 생각이 없다. 왜냐하면 아무 생각이 없기 때문이다.{/}
UI_20150317_000413	소환체 : {#ffcc33}%s{/}
UI_20150317_000414	언데드 하피
UI_20150317_000415	스킬 : %s
UI_20150317_000416	스킬1, 스킬2
UI_20150317_000417	필요 파편 : %s
UI_20150317_000418	야수 60 / 곤충 20 / 변이 10
UI_20150317_000419	파편의 갯수
UI_20150317_000420	파츠1
UI_20150317_000421	파츠2
UI_20150317_000422	파츠3
UI_20150317_000423	축하합니다! 레벨이 상승하였습니다
UI_20150317_000424	道具알림
UI_20150317_000425	{@st64}내용{/}
UI_20150317_000426	조작 튜토리얼
UI_20150317_000427	{@st42b}캐릭터가 상하좌우 4방향으로  이동합니다{/}
UI_20150317_000428	{@st42b}캐릭터가 기본 공격을 합니다{/}
UI_20150317_000429	{@st42b}캐릭터가 제자리 또는 이동시 점프를 합니다{/}
UI_20150317_000430	{@st42b}인접한 방향키 2개를 동시에 입력해 대각선으로 이동합니다{/}
UI_20150317_000431	迷雾地图工具
UI_20150317_000432	杀戮怪物工具
UI_20150317_000433	小地图制作工具
UI_20150317_000434	对话工具
UI_20150317_000435	{@st43}操作设置{/}
UI_20150317_000436	{@st59}关闭队伍信息{/}
UI_20150317_000437	{@st59b}组队信息{nl}{@st59s} - 通过点击按钮创建一个组队{nl} - 右键一个角色可以邀请他进入组队{nl} - 在组队设置选项卡上可以实时调整各种设置{nl} - 每个加入组队的玩家都可以按照设置分配到物品{/}
UI_20150317_000438	{@st43}队伍信息{/}
UI_20150317_000439	{@st41b}创建队伍{/}
UI_20150317_000440	{@st41b}组队任务{/}
UI_20150317_000441	{@st41b}设置{/}
UI_20150317_000442	{@st41}成员{/}
UI_20150317_000443	{@st41}Party Setup
UI_20150317_000444	{@st41b}公开
UI_20150317_000445	{@st41b}私人
UI_20150317_000446	等级                                      ~
UI_20150317_000447	{@st41}道具分配规则
UI_20150317_000448	{@st41b}平均分配
UI_20150317_000449	{@st41b}队长分配
UI_20150317_000450	{@st41b}随机分配
UI_20150317_000451	{@st41}经验分配规则
UI_20150317_000452	{@st41b}单独获取
UI_20150317_000453	{@st41b}平均分享
UI_20150317_000454	{@st41b}难度区分
UI_20150317_000455	{@st41}分享任务
UI_20150317_000456	{@st41b}激活
UI_20150317_000457	{@st41b}不适用
UI_20150317_000458	{@st41b}创建组队
UI_20150317_000459	{@st43}打开队伍列表{/}
UI_20150317_000460	{@st59b}公开组队列表{nl}{@st59s} - 检查正在搜寻队员的公开组队列表{nl} - 使用搜索选项来筛选您的需要的{/}
UI_20150317_000461	{@st59}关闭公开组队列表{/}
UI_20150317_000462	使用筛选
UI_20150317_000463	任务分享
UI_20150317_000464	经验分配规则
UI_20150317_000465	道具分配规则
UI_20150317_000466	{@st43}초대
UI_20150317_000467	{@st41b}초대{/}
UI_20150317_000468	{s18}{ol}{gr gradation1}로그아웃 PC 규칙{/}
UI_20150317_000469	{ol}규칙 적용 조건
UI_20150317_000470	{ol}규칙 적용 동작
UI_20150317_000471	규칙의 이름을 입력합니다
UI_20150317_000472	{gr gradation1}등록{/}
UI_20150317_000473	규칙을 등록합니다
UI_20150317_000474	{gr gradation1}取消{/}
UI_20150317_000475	작업을 取消합니다
UI_20150317_000476	{@st43}컴패니언 정보
UI_20150317_000477	{@st59b}컴패니언 정보{nl}{@st59s} - 휴면/활동 버튼으로 컴패니언 넣고 빼기 가능{nl} - 컴패니언의 특성, 道具 장착으로 커스터마이즈 가능{/}
UI_20150317_000478	{@st59}컴패니언 정보를 닫습니다{/}
UI_20150317_000479	{@st41b}이름 : {@sti9}%s{/}
UI_20150317_000480	{@sti9}%s{@st41b}과의 친밀도 : {@sti9}%s {@st41b}레벨{/}
UI_20150317_000481	{@st41b}경험치{/}
UI_20150317_000482	{@st41b}스태미나{/}
UI_20150317_000483	{@st41b}친밀도{/}
UI_20150317_000484	{@st41b}특성 및 정보
UI_20150317_000485	{@st43}宠物列表{/}
UI_20150317_000486	{@st59b}宠物{nl}{@st59s} - 在列表中点击一个宠物查看详细{/}
UI_20150317_000487	{@st59}关闭宠物列表{/}
UI_20150317_000488	{@st59}关闭帮助窗口{/}
UI_20150317_000489	{@st59}Help{nl} - Helpful Information about game mechanics{nl} - Select items from the Help List to see the details{/}
UI_20150317_000490	{@st43}帮助窗口{/}
UI_20150317_000491	도움말 제목
UI_20150317_000492	{ol}{#AAAA00}{s16}진행시간 : %s
UI_20150317_000493	{@st43}포이즌 팟{/}
UI_20150317_000494	{@st59}포이즌 팟 UI를 닫습니다{/}
UI_20150317_000495	{@st59}작성 필요{/}
UI_20150317_000496	독의 양 : %s
UI_20150317_000497	독 제조에 쓰일 수 있는 道具
UI_20150317_000498	전체 선택
UI_20150317_000499	再点一次取消全选
UI_20150317_000500	제조
UI_20150317_000501	섞고 섞고 돌리고 섞고
UI_20150317_000502	{@st43}항목{/}
UI_20150317_000503	{@st43}나{/}
UI_20150317_000504	{@st43}대상{/}
UI_20150317_000505	{@st43}레벨{/}
UI_20150317_000506	{@st43}소지금{/}
UI_20150317_000507	{@st43}등급{/}
UI_20150317_000508	{@st43}PvP승률{/}
UI_20150317_000509	{@st59}창을 닫습니다{/}
UI_20150317_000510	{@sti5}총 구매 금액 : %s{/}
UI_20150317_000511	{@sti5}총 금액 : %s{/}
UI_20150317_000512	{@st41b}구매
UI_20150317_000513	{@st43}제작 道具 재료 획득!
UI_20150317_000514	{@st43}마그눔 오푸스{/}
UI_20150317_000515	{@st41}전체 삭제
UI_20150317_000516	{@st42}연금 대상 {@stx1}(%s 소요){/}
UI_20150317_000517	{@st41}조합
UI_20150317_000518	{@st43}任务{/}
UI_20150317_000519	{@st59b}任务{nl}{@st59s} - Quest reminders are available for each quest{nl} - The Main-Quests are Yellow, The Sub-Quest are blue{nl} - The Quest location will be shown with an arrow character around the player{nl} - Instante Travel after completing a quest is possible{nl}  (Push Backspace or click the icon to teleport back to the NPC){nl} - You can activate / deactivate quest alerts infront of the quest name via a check box{/}
UI_20150317_000520	{@st41b}  进行中  {/}
UI_20150317_000521	{@st41b}  被取消  {/}
UI_20150317_000522	{@st43}{s22}任务信息{/}
UI_20150317_000523	任务
UI_20150317_000524	{@st41}완료{/}
UI_20150317_000525	임무 진행 정보
UI_20150317_000526	{s18}{ol}퀘스트 정보
UI_20150317_000527	{s16}남은 시간
UI_20150317_000528	퀘스트 道具 사용
UI_20150317_000529	퀘스트 힌트
UI_20150317_000530	{@st41}확인{/}
UI_20150317_000531	{@st43}{s22}퀘스트 완료{/}
UI_20150317_000532	{@st41b}完成{/}
UI_20150317_000533	{@st41}수락{/}
UI_20150317_000534	{@st41}거절{/}
UI_20150317_000535	{@st44}돌아가기{/}
UI_20150317_000536	어떤 퀘스트로 돌아가시겠습니까?
UI_20150317_000537	{@st41b}퀘스트 클래스 네임{/}
UI_20150317_000538	{@st59}Expend Slots{/}
UI_20150317_000539	{@st59}Colapse Slots{/}
UI_20150317_000540	{@st59}컴패니언을 소환합니다.{/}
UI_20150317_000541	{@st44}메뉴{/}
UI_20150317_000542	{@st60}캐릭터선택{/}
UI_20150317_000543	{@st60}로그아웃{/}
UI_20150317_000544	{@st60}게임종료{/}
UI_20150317_000545	{@st60}게임설정{/}
UI_20150317_000546	{@st60}돌아가기{/}
UI_20150317_000547	{@st41}튜토리얼 건너뛰기{/}
UI_20150317_000548	{@st41}캐릭터 선택{/}
UI_20150317_000549	{@st41}로그아웃{/}
UI_20150317_000550	{@st41}게임 종료{/}
UI_20150317_000551	{@st41}돌아가기{/}
UI_20150317_000552	{@st43}{s22}레이드 소집!
UI_20150317_000553	{@st41b}도시 외곽 성곽에 怪物들이 몰려들고 있습니다. 당신만이 문제를 해결할 수 있습니다.
UI_20150317_000554	{@st43}{s22}게임설정{/}
UI_20150317_000555	{@sti7}레이드파티 검색중..{/}
UI_20150317_000556	{@st41b}참가 取消
UI_20150317_000557	{@st41b}제가 해결해보겠습니다!
UI_20150317_000558	{@st41b}저는 힘들 것 같아요...
UI_20150317_000559	{@sti7}{s24}레이드 보상 선택{/}
UI_20150317_000560	{@st42b}남은 시간 {@st43}%s{@st42b} 초{/}
UI_20150317_000561	{@st41b}선택 횟수 늘리기
UI_20150317_000562	{@43b}{s22}선택 가능 횟수 : {@st43}%s{/}
UI_20150317_000563	shadow_box 잠정제거
UI_20150317_000564	{@st43}랭킹{/}
UI_20150317_000565	{@st59}랭킹창을 닫습니다{/}
UI_20150317_000566	{@st41}怪物 킬 Top 100{/}
UI_20150317_000567	{@st41}데미지 Top 100{/}
UI_20150317_000568	{@st41}머니머니 Top 100{/}
UI_20150317_000569	{@st41}레벨업 Top 100{/}
UI_20150317_000570	{@st41b}메뉴{/}
UI_20150317_000571	{@st43}{s22}道具 강화{/}
UI_20150317_000572	{@st41b}대상 道具
UI_20150317_000573	{@st41b}모루
UI_20150317_000574	{@st41}{s20}모루 타격 횟수 :{@st43} %s
UI_20150317_000575	{@st41}{s20}강화 가격 : %s
UI_20150317_000576	{@st41b}강화 시작{/}
UI_20150317_000577	{@st59}道具 강화를 시작합니다.{/}
UI_20150317_000578	{@st59}강화를 닫습니다{/}
UI_20150317_000579	{@st41b}선택한 {@sti9}%s개{/} 道具으로 강화하시겠습니까?{/}
UI_20150317_000580	{@st43}强化
UI_20150317_000581	{@st44}道具 강화{/}
UI_20150317_000582	{s24}{b}{#000000}강화 완료!
UI_20150317_000583	{@st41}재강화{/}
UI_20150317_000584	{@st41}关闭{/}
UI_20150317_000585	{s18}{ol}{gr gradation1}装备 修理{/}
UI_20150317_000586	착용装备
UI_20150317_000587	소지装备
UI_20150317_000588	{gr gradation1}전체선택{/}
UI_20150317_000589	전체선택
UI_20150317_000590	{gr gradation1}修理{/}
UI_20150317_000591	{@st43}修理{/}
UI_20150317_000592	修理所需道具列表
UI_20150317_000593	{@st41b}修理费用{/}
UI_20150317_000594	{@st41b}修理后余额{/}
UI_20150317_000595	{@st41b}装备 修理{/}
UI_20150317_000596	修理选中的装备
UI_20150317_000597	{@st59}道具 정비를 닫습니다{/}
UI_20150317_000598	{@st43}道具 정비{/}
UI_20150317_000599	{@st41}정비 필요 道具 목록{/}
UI_20150317_000600	{@st44}道具 정비{/}
UI_20150317_000601	{@st42}정비{/}
UI_20150317_000602	{@st59}현재 내용으로 정비합니다.{/}
UI_20150317_000603	{@st59}정비하지 않습니다.{/}
UI_20150317_000604	{@st44}재시작{/}
UI_20150317_000605	{@st41b}당신은 {/}{s20}{#cc6600}{ol}전투 불능 {/}{@st41b}상태가 되었습니다!{/}
UI_20150317_000606	{@st41b}在最近复活地点重来{/}
UI_20150317_000607	{@st41b}回到指定位置(NXP %s必须){/}
UI_20150317_000608	{@st41b}回到区域{/}
UI_20150317_000609	{@st41b}放弃任务后重来{/}
UI_20150317_000610	{@st41b}再次挑战{/}
UI_20150317_000611	부활의 성소(70031)
UI_20150317_000612	道具이 필요합니다.
UI_20150317_000613	휴식 퀵슬롯
UI_20150317_000614	{@st43}말풍선{/}
UI_20150317_000615	임시이름
UI_20150317_000616	{@st41b}{s18}인벤토리 공간 부족
UI_20150317_000617	인벤토리가 가득 차서 道具을 획득할 수 없습니다.{nl}인벤토리를 정리해 주세요.
UI_20150317_000618	{@st44}세트 道具 획득!{/}
UI_20150317_000619	道具을 선택해주세요
UI_20150317_000620	{@st59b}商店{nl}{@st59s} - 按住Shift鼠标右键可以自定购买数量{nl} - 双击鼠标右键可以一次出售全部数量的物品{/}
UI_20150317_000621	{@st59}关闭商店{/}
UI_20150317_000622	{@st59}第一页{/}
UI_20150317_000623	{@st59}后一页{/}
UI_20150317_000624	{@st59}最后页{/}
UI_20150317_000625	{@st41b}清除{/}
UI_20150317_000626	{@st59}清空列表{/}
UI_20150317_000627	{@st41b}交易{/}
UI_20150317_000628	{@st59}决定交易{/}
UI_20150317_000629	{@st43}商店{/}
UI_20150317_000630	{@st41b}商店物品{/}
UI_20150317_000631	{@st41b}背包物品{/}
UI_20150317_000632	{@st41b}交易花费 ▶{/}
UI_20150317_000633	{@st41b}预计金钱 ▶{/}
UI_20150317_000634	{@st41b}先前出售的物品{/}
UI_20150317_000635	{@st41}Empty Slot{/}
UI_20150317_000636	{@st43}Accept{/}
UI_20150317_000637	{@st41}交易花费{/}
UI_20150317_000638	{@st41}预计金钱{/}
UI_20150317_000639	{@st41}Received Items{/}
UI_20150317_000640	{@sti1c}시모니
UI_20150317_000641	{@st41}제작 스킬
UI_20150317_000642	{@st42}레벨 %s{/}
UI_20150317_000643	제작 비용
UI_20150317_000644	제작 갯수
UI_20150317_000645	약 %s초 소요
UI_20150317_000646	{@st41}만들기
UI_20150317_000647	{@st43}Class Skills and Characteristics{/}
UI_20150317_000648	{@st59}Close Skill menu{/}
UI_20150317_000649	{@st59b}Class Skills{nl}{@st59s} - Earn skill points by leveling up the class{nl} - 1차 직업에서 2차 직업로 전직할 경우 3개 클래스 선택 가능{nl} -  You can improve the current class up to 3 times instead of choosing another class{nl} -  다른 직업으로 전직 시 이전 직업은 전직 불가{nl} -  스킬포인트 모두 소비 시 전직 가능{nl} - 동일한 클래스도 선택 가능{nl}{@st59b}Skill{nl}{@st59s} - Each rank gives the possiblity to increase the level of a skill by 5 levels{nl} - The Mastery Attributes can be found on the bottom of the window{/}
UI_20150317_000650	{@st41b}Apply{/}
UI_20150317_000651	{@st59}确认分配技能点{/}
UI_20150317_000652	큘레릭
UI_20150317_000653	{@st59}取消分配技能点{/}
UI_20150317_000654	{#ff4400}%s (%s레벨){/} 학습 중..
UI_20150317_000655	싸이코해승
UI_20150317_000656	%s분 남음
UI_20150317_000657	{@st43}포즈{/}
UI_20150317_000658	{@st59}포즈를 닫습니다{/}
UI_20150317_000659	{@st41}게시판{/}
UI_20150317_000660	{@st41}거래{/}
UI_20150317_000661	{@st41}사회기능{/}
UI_20150317_000662	{@st41b}글쓰기{/}
UI_20150317_000663	{@st41}등록{/}
UI_20150317_000664	{@st59}글을 등록합니다{/}
UI_20150317_000665	{@st41}마이페이지 시작{/}
UI_20150317_000666	{@st59}마이페이지를 외부에 게시합니다{/}
UI_20150317_000667	{@st59}안부를 등록합니다{/}
UI_20150317_000668	{@st41b}1. 메뉴{/}
UI_20150317_000669	{@st41}방문{/}
UI_20150317_000670	{@st59}마이페이지를 방문합니다{/}
UI_20150317_000671	{@st41}판매{/}
UI_20150317_000672	{@st59}道具을 판매 합니다{/}
UI_20150317_000673	{@st43}생 활{/}
UI_20150317_000674	{@st59}생활을 닫습니다{/}
UI_20150317_000675	{@st41}모두 보기{/}
UI_20150317_000676	{@st41}맵 만들기{/}
UI_20150317_000677	{@st41}%s/분 (%s 보유){/}
UI_20150317_000678	키보드워리어
UI_20150317_000679	{@st42}%s{/}{@st42_yellow}레벨{/}
UI_20150317_000680	{@st41_yellow}고용시간
UI_20150317_000681	{@st43}그래피티{/}
UI_20150317_000682	{@st59}스프레이를 닫습니다{/}
UI_20150317_000683	{@st41b}Tip : 아래 액자내에 그림을 그립니다.{/}
UI_20150317_000684	{@st41b}색상{/}
UI_20150317_000685	{@st41b}수량{/}
UI_20150317_000686	{@st41b}브러쉬{/}
UI_20150317_000687	{@st43}그리기{/}
UI_20150317_000688	{@st59}완성한 그림을 바닥에 그립니다.{/}
UI_20150317_000689	{@st41b}{a SAVE_EDIT_SPRAY}保存{/}{/}
UI_20150317_000690	{@st59}그리고 있는 그림을 저장합니다.{/}
UI_20150317_000691	{@st41b}{a LOAD_EDIT_SPRAY}불러오기{/}{/}
UI_20150317_000692	{@st59}그렸던 그림을 불러옵니다.{/}
UI_20150317_000693	{@st59}선택한 색상1{/}
UI_20150317_000694	{@st59}선택한 색상2{/}
UI_20150317_000695	{@st59}색상 목록{/}
UI_20150317_000696	{@st59}선택한 브러시{/}
UI_20150317_000697	{@st59}브러시 1{/}
UI_20150317_000698	{@st59}브러시 2{/}
UI_20150317_000699	{@st59}브러시 3{/}
UI_20150317_000700	{@st59}브러시 4{/}
UI_20150317_000701	{@st59}브러시 5{/}
UI_20150317_000702	{@st59}브러시 6{/}
UI_20150317_000703	{@st49}좋아하는 사람들{/}
UI_20150317_000704	{s20}{#050505}뭐가되었든 설명
UI_20150317_000705	{@st41} 전체 {/}
UI_20150317_000706	{@st41} 组队 {/}
UI_20150317_000707	{@st41} 怪物 {/}
UI_20150317_000708	{@st41b}{#f0dcaa}Remaining Status Points: {@st46}%s
UI_20150317_000709	{@st59b}Character Details{nl}{@st59s} - Status : Use Points obtained by leveling up to improve the five possible Status{nl} - Information : Character Status information according to the Stats{nl} - Archivements : Aquire Titles by completing missions{nl}{/}
UI_20150317_000710	{@st41b}状态{/}
UI_20150317_000711	{@st41b}Title{/}
UI_20150317_000712	Job Class
UI_20150317_000713	{@st43}角色信息
UI_20150317_000714	{@st59}修改角色名{/}
UI_20150317_000715	{@st41b}确认
UI_20150317_000716	{@st59}스테이터스 분배를 적용합니다{/}
UI_20150317_000717	{@st41b}取消
UI_20150317_000718	{@st59}스테이터스 분배를 取消합니다{/}
UI_20150317_000719	PC이름
UI_20150317_000720	{@st41_yellow}레벨: {@st41}%s{/}
UI_20150317_000721	{@st41_yellow}용병 스킬
UI_20150317_000722	{@st43}공격 효과{/}
UI_20150317_000723	{@st43}방어 효과{/}
UI_20150317_000724	{@st43}스탯{/}
UI_20150317_000725	systemmenu_vertical 잠정제거
UI_20150317_000726	{@st59}角色信息 (F1){/}
UI_20150317_000727	{@st59}背包 (F2){/}
UI_20150317_000728	{@st59}技能 (F3){/}
UI_20150317_000729	{@st59}冒险日记 (F4){/}
UI_20150317_000730	{@st59}任务 (F5){/}
UI_20150317_000731	{@st59}组队 (F6){/}
UI_20150317_000732	{@st59}朋友 (F7){/}
UI_20150317_000733	{@st59}宏 (F8){/}
UI_20150317_000734	{@st59}宠物 (F9){/}
UI_20150317_000735	{@st59}帮助 (F10){/}
UI_20150317_000736	{@st59}系统菜单 (Esc){/}
UI_20150317_000737	{@st59}Necronomicon{/}
UI_20150317_000738	Help(F1)
UI_20150317_000739	내용
UI_20150317_000740	상세보기
UI_20150317_000741	{@st43}游戏设置{/}
UI_20150317_000742	{@st43}显示信息{/}
UI_20150317_000743	{@st41b}EXP Amount{/}
UI_20150317_000744	{@st41b}Character Info{/}
UI_20150317_000745	{@st41b}Team Name Only{/}
UI_20150317_000746	{@st41b}Quest Guide{/}
UI_20150317_000747	{@st43}图形{/}
UI_20150317_000748	{@st43}图形{/}
UI_20150317_000749	{@st41b}全屏幕{/}
UI_20150317_000750	{@st41b}窗口化{/}
UI_20150317_000751	{@st43}声音{/}
UI_20150317_000752	{@st41b}效果声 (%s){/}
UI_20150317_000753	{@st41b}背景音 (%s){/}
UI_20150317_000754	{@st41b}总音量 (%s){/}
UI_20150317_000755	{@st43}语言{/}
UI_20150317_000756	{@st59}关闭游戏设置{/}
UI_20150317_000757	{@st41b}최저 사양 모드{/}
UI_20150317_000758	{@st41b}보기{/}
UI_20150317_000759	{@st59}만든 사람들{/}
UI_20150317_000760	타겟BUFF창
UI_20150317_000761	{@st46}IMC님의 그림
UI_20150317_000762	{@st46}%s님의 그림
UI_20150317_000763	{@st46}좋아요
UI_20150317_000764	{@st46}신고
UI_20150317_000765	{@st46}보존제 사용
UI_20150317_000766	{@st46}그림 제거
UI_20150317_000767	스노우할레이션
UI_20150317_000768	꽃다발
UI_20150317_000769	{@st41}선물
UI_20150317_000770	개수를 입력하세요.
UI_20150317_000771	{@st53b}%s 승 %s 패
UI_20150317_000772	{@st42}오늘의 스케쥴
UI_20150317_000773	{@st53}시작까지 :
UI_20150317_000774	{@st53b}받은선물 : %s개
UI_20150317_000775	{@st43b}%s님에게 선물{/}
UI_20150317_000776	{@st55_a}다음 경기
UI_20150317_000777	{@st53}- 이름을 클릭하여 관전 가능{nl}- 우 클릭으로 선물가능
UI_20150317_000778	카메라를 나의 캐릭터로
UI_20150317_000779	{@st55_a}우승을 축하드립니다!
UI_20150317_000780	{@st42}카메라 전환
UI_20150317_000781	{@st44}모험일지{/}
UI_20150317_000782	{@st59}표시 방식을 변경합니다{/}
UI_20150317_000783	{@st41} 통계 {/}
UI_20150317_000784	{@st41} 제조 {/}
UI_20150317_000785	{@st41} 사냥 {/}
UI_20150317_000786	{@st41} 도움말 {/}
UI_20150317_000787	{@st44}위키페이지{/}
UI_20150317_000788	{@st42}정보{/}
UI_20150317_000789	{@st42}상세{/}
UI_20150317_000790	{@st42}전투{/}
UI_20150317_000791	{@st42}획득{/}
UI_20150317_000792	{@st59}페이지를 닫습니다{/}
UI_20150317_000793	{@st43}배틀 필드
UI_20150317_000794	{@st59}배틀 필드를 닫습니다.
UI_20150317_000795	(브론즈 3)
UI_20150317_000796	{@sti8}오늘의 획득가능 점수 : {nl}%s{/}
UI_20150317_000797	{@st41}포인트샵
UI_20150317_000798	{@st41}랭킹
UI_20150317_000799	{@st42}배틀 필드 일정
UI_20150317_000800	{@st42}최근 전적
UI_20150317_000801	{@st41}경험치 받기
UI_20150317_000802	{@st41}PVP페이지
UI_20150317_000803	{@st41}검색
UI_20150317_000804	{@st43}배틀 필드 랭킹
UI_20150317_000805	{@st59}배틀 필드랭킹을 닫습니다.
UI_20150317_000806	{@st56}스킬이름{/}
UI_20150317_000807	{@st41}좌표 확인{/}
UI_20150317_000808	{@st41}찾아가기{/}
UI_20150317_000809	{@st42b}몬젠 관리{/}
UI_20150317_000810	{@st42b}怪物 리스트{/}
UI_20150317_000811	{@st42b}UI 제작{/}
UI_20150317_000812	{@st42b}맵 포그{/}
UI_20150317_000813	{@st42b}맵 제작{/}
UI_20150317_000814	{@st42b}미니맵 제작{/}
UI_20150317_000815	{@st42b}다이얼로그 {/}
UI_20150317_000816	{@st42b}퀘스트 보상 수정{/}
UI_20150317_000817	{@st42b}그룹젠{/}
UI_20150317_000818	{@st42b}맵 위치지정{/}
UI_20150317_000819	{@st42b}스킬맵{/}
UI_20150317_000820	{@st42b}이벤트 목록{/}
UI_20150317_000821	{@st42b}좌표 확인{/}
UI_20150317_000822	{@st42b}XAC,텍스쳐경로확인{/}
UI_20150317_000823	{@st42b}퍼포먼스ONOFF{/}
UI_20150317_000824	대사 리스트
UI_20150317_000825	검색.
UI_20150317_000826	{@st41}미리보기{/}
UI_20150317_000827	{@st41}끄기{/}
UI_20150317_000828	{@st41}제거{/}
UI_20150317_000829	{@st41}모두저장{/}
UI_20150317_000830	{@st41}그림적용{/}
UI_20150317_000831	{#FFFFFF}{ds}이벤트선택
UI_20150317_000832	{#FFFFFF}{ds}이벤트편집
UI_20150317_000833	{ol}리스트
UI_20150317_000834	저장할 그룹의 이름
UI_20150317_000835	{@st42}새로만들기{/}
UI_20150317_000836	{@st41}그룹젠{/}
UI_20150317_000837	{@st59}검색할 怪物의 이름을 입력합니다{/}
UI_20150317_000838	{@st59}저장할 그룹의 이름을 입력합니다{/}
UI_20150317_000839	{@st41}새 그룹{/}
UI_20150317_000840	필터링
UI_20150317_000841	{@st59}필터를 입력합니다{/}
UI_20150317_000842	{ol}속성 값
UI_20150317_000843	클래스리스트
UI_20150317_000844	XML에 적용
UI_20150317_000845	{#FFFFFF}{ds}로그
UI_20150317_000846	{#FFFFFF}{ds}모든속성보기
UI_20150317_000847	검색어를 입력합니다.
UI_20150317_000848	모든 속성 값
UI_20150317_000849	{ol}이름
UI_20150317_000850	{ol}값
UI_20150317_000851	로그
UI_20150317_000852	{ol}리비전
UI_20150317_000853	{ol}로그
UI_20150317_000854	클래스 리스트
UI_20150317_000855	XML변환
UI_20150317_000856	{ol}클래스네임
UI_20150317_000857	{ol}속성이름
UI_20150317_000858	{ol}변경값
UI_20150317_000859	{ol}반영
UI_20150317_000860	폴더열기
UI_20150317_000861	전체체크
UI_20150317_000862	히스토리
UI_20150317_000863	값롤백
UI_20150317_000864	{ol}道具 선택
UI_20150317_000865	검색할 이름을 입력합니다.
UI_20150317_000866	{@st42}Confirm{/}
UI_20150317_000867	{@st41}UI 제작{/}
UI_20150317_000868	{ol}프레임
UI_20150317_000869	{@st41}프레임{/}
UI_20150317_000870	{@st41}버튼{/}
UI_20150317_000871	{@st41}텍스트{/}
UI_20150317_000872	{@st42b}일반{img btn_close}
UI_20150317_000873	{@st42b}경매{img btn_close}
UI_20150317_000874	{@st41}맵 위치지정{/}
UI_20150317_000875	{@st41}이름변경{/}
UI_20150317_000876	{@st59}필터링할 내용을 입력합니다{/}
UI_20150317_000877	{@st41}만들기{/}
UI_20150317_000878	{@st56}XML저장{/}
UI_20150317_000879	{@st56}초기화{/}
UI_20150317_000880	{@st56}속성{/}
UI_20150317_000881	{@st56}값{/}
UI_20150317_000882	{@st42}내용{/}
UI_20150317_000883	{@st41}되돌리기{/}
UI_20150317_000884	{@st41}모두 저장{/}
UI_20150317_000885	{@st41}XML열기{/}
UI_20150317_000886	{@st42b}고정스킬 : 0{/}
UI_20150317_000887	{@st42b}고정스킬 : %s{/}
UI_20150317_000888	{@st42b}마우스호밍{/}
UI_20150317_000889	{@st42b}스킬이름{/}
UI_20150317_000890	{@st41}怪物 리스트{/}
UI_20150317_000891	{@st41}퍼포먼스매니저{/}
UI_20150317_000892	{ol}퀘스트 선택
UI_20150317_000893	검색할 퀘스트 이름을 입력합니다.
UI_20150317_000894	{ol}맵 선택
UI_20150317_000895	검색할 맵의 이름을 입력합니다.
UI_20150317_000896	{@st42}현재맵{/}
UI_20150317_000897	{ol}맵이름
UI_20150317_000898	{ol}좌표
UI_20150317_000899	{@st41}퀘스트 보상 수정{/}
UI_20150317_000900	{@st59}검색할 퀘스트를 입력합니다{/}
UI_20150317_000901	{@st59}검색할 道具을 입력합니다{/}
UI_20150317_000902	{@st42}경험치
UI_20150317_000903	{ol}기본 보상
UI_20150317_000904	{ol}갯수
UI_20150317_000905	{ol}추가 보상
UI_20150317_000906	{@st45}자주 사용한 치트
UI_20150317_000907	{@st41}스킬맵{/}
UI_20150317_000908	{@st42}어빌리티{/}
UI_20150317_000909	{@st42}전사{/}
UI_20150317_000910	{@st42}위저드{/}
UI_20150317_000911	{@st42}궁수{/}
UI_20150317_000912	{@st42}몽크{/}
UI_20150317_000913	{@st42}소서러{/}
UI_20150317_000914	{@st41}스킬반{/}
UI_20150317_000915	{@st59}xml 로드{/}
UI_20150317_000916	{@st41}불러오기{/}
UI_20150317_000917	{@st59}xml로 저장{/}
UI_20150317_000918	{@st59}열려있는 스킬맵 리셋{/}
UI_20150317_000919	{@st41}리셋{/}
UI_20150317_000920	{@st59}모든 스킬맵 리셋{/}
UI_20150317_000921	{@st41}모두리셋{/}
UI_20150317_000922	{s18}해제스크립트
UI_20150317_000923	{s18}문자열 인자
UI_20150317_000924	{s18}숫자1 인자
UI_20150317_000925	{s18}숫자2 인자
UI_20150317_000926	{s18}스킬 최대 레벨
UI_20150317_000927	{@st59}해제 스크립트 입력창{/}
UI_20150317_000928	{@st59}해제 스크립트 인자{/}
UI_20150317_000929	{@st59}스킬 최대 레벨{/}
UI_20150317_000930	{@st59}속성 저장{/}
UI_20150317_000931	{@st41}속성 저장{/}
UI_20150317_000932	{@st44}UI 목록{/}
UI_20150317_000933	{ds}에드온 목록
UI_20150317_000934	{ds}고정프레임 목록
UI_20150317_000935	{@st42}UI 목록{/}
UI_20150317_000936	{@st59}UI 목록을 보여준다{/}
UI_20150317_000937	{@st42}위치 조절{/}
UI_20150317_000938	{@st59}위치조절{/}
UI_20150317_000939	{@st42}속성 편집{/}
UI_20150317_000940	{@st59}속성편집{/}
UI_20150317_000941	{@st42}保存{/}
UI_20150317_000942	{@st59}保存{/}
UI_20150317_000943	{@st44}UI 속성 편집{/}
UI_20150317_000944	{@st59}角色选择{/}
UI_20150317_000945	{@st59}登出{/}
UI_20150317_000946	{@st59}游戏设置{/}
UI_20150317_000947	{@st59}退出游戏{/}
UI_20150317_000948	{@st43}房屋设置{/}
UI_20150317_000949	{@st59}关闭房屋设置{/}
UI_20150317_000950	{@st42_b}{s18}{#f5c384}Team Name{/}
UI_20150317_000951	{@st59}Enter your Team Name{/}
UI_20150317_000952	{@st59}Save new Team Name{/}
UI_20150317_000953	systemmenu_vertical 잠정삭제
UI_20150317_000954	{@st59}Close Barrack Decorations{/}
UI_20150317_000955	{@st43}Barrack Decorations{/}
UI_20150317_000956	{@st41b}   Theme   {/}
UI_20150317_000957	{@st41b}   Item Placement   {/}
UI_20150317_000958	{@st41b}名字
UI_20150317_000959	{@st41b}价格
UI_20150317_000960	{@st41b}Condition
UI_20150317_000961	{@st44}New Character{/}
UI_20150317_000962	{@st41b}{s22}请选择一个你想创建的职业{/}
UI_20150317_000963	{@st41b}取消创建{/}
UI_20150317_000964	{@st59}取消角色创建{/}
UI_20150317_000965	选择一个角色
UI_20150317_000966	{@st41}角色{/}
UI_20150317_000967	{@st59}Rotate Right{/}
UI_20150317_000968	{@st59}Rotate Left{/}
UI_20150317_000969	{@st43b}Character Rotation{/}
UI_20150317_000970	{@st43}角色名{/}
UI_20150317_000971	{@st59}Enter Name{/}
UI_20150317_000972	{@st43b}Choose Gender{/}
UI_20150317_000973	{@st59}Female{/}
UI_20150317_000974	{@st59}Male{/}
UI_20150317_000975	{@st43b}Choose Hair{/}
UI_20150317_000976	{@st59}Hair 1{/}
UI_20150317_000977	{@st59}Hair 2{/}
UI_20150317_000978	{@st59}Hair 3{/}
UI_20150317_000979	{@st59}Hair 4{/}
UI_20150317_000980	{@st59}Hair 5{/}
UI_20150317_000981	{@st59}Hair 6{/}
UI_20150317_000982	{@st59}Hair 7{/}
UI_20150317_000983	{@st59}Hair 8{/}
UI_20150317_000984	{@st59}Hair 9{/}
UI_20150317_000985	{@st59}Hair 10{/}
UI_20150317_000986	{@st43b}选择职业{/}
UI_20150317_000987	{@st59}剑士{/}
UI_20150317_000988	{@st59}法师{/}
UI_20150317_000989	{@st59}弓箭手{/}
UI_20150317_000990	{@st59}牧师{/}
UI_20150317_000991	{@st41b}Visit Barrack{/}
UI_20150317_000992	{@st59}Visit the Barrack of someone else.{/}
UI_20150317_000993	{@st41b}登出{/}
UI_20150317_000994	{@st59}返回登陆界面{/}
UI_20150317_000995	{@st41b}结束游戏{/}
UI_20150317_000996	{@st59}结束游戏{/}
UI_20150317_000997	{@st41b}选择一个频道开始游戏{/}
UI_20150317_000998	{@st43}开始游戏{/}
UI_20150317_000999	{@st59}选择好的角色进入游戏{/}
UI_20150317_001000	{@st43}{s26}Team Name{/}
UI_20150317_001001	{@st59}Team Name{/}
UI_20150317_001002	{@st41b}팀 이름 변경{/}
UI_20150317_001003	{@st59} 팀 이름을 변경합니다{/}
UI_20150317_001004	{@st41}宠物{/}
UI_20150317_001005	聊天 드래그
UI_20150317_001006	{@st44}새로운 대화창 이름{/}
UI_20150317_001007	{@st42}Change{/}
UI_20150317_001008	{@st44}새로운 창 이름{/}
UI_20150317_001009	{@st43}{s40}{gr gradation4}캐릭터 생성{/}
UI_20150317_001010	{@st59}캐릭터를 생성합니다{/}
UI_20150317_001011	{@st59}생성을 取消합니다{/}
UI_20150317_001012	{@st59}팀 이름 입력을 닫습니다{/}
UI_20150317_001013	{@st59}입력한 이름으로 팀을 생성합니다{/}
UI_20150317_001014	{@st43}{s30}{#f0dcaa}Team Name!
UI_20150317_001015	{@st41b} 팀 이름은 모든 캐릭터를 대표하는 이름입니다.{nl}자유롭게 바꿀 수 있는 팀 이름은 거래, 길드 가입, 대화 등에 사용되는 공용 이름입니다.{/}
UI_20150317_001016	Loading Background
UI_20150317_001017	Tip
UI_20150317_001018	Game Tips
UI_20150317_001019	Login
UI_20150317_001020	Username
UI_20150317_001021	{@st59}Enter your Username{/}
UI_20150317_001022	Password
UI_20150317_001023	{@st59}Enter your Password{/}
UI_20150317_001024	{@st43}连接{/}
UI_20150317_001025	{@st59}连接到服务器{/}
UI_20150317_001026	{@st41b}Replay{/}
UI_20150317_001027	{@st41b}Single-Mode{/}
UI_20150317_001028	{@st41b}退出游戏{/}
UI_20150317_001029	Save
UI_20150317_001030	{@st59}If you check to save your account{/}
UI_20150317_001031	服务器表
UI_20150317_001032	{@st59}Please select the server you want to connect{/}
UI_20150317_001033	로그인타이틀
UI_20150317_001034	[CBT3汉化byCOLG.CN]
UI_20150317_001035	Options
UI_20150317_001036	시야거리
UI_20150317_001037	{s20}{#BBBBBB}View distance
UI_20150317_001038	View distance :
UI_20150317_001039	角色 :
UI_20150317_001040	Background objects :
UI_20150317_001041	지형-풀(%) :
UI_20150317_001042	지형-트리 (%) :
UI_20150317_001043	지형-오브젝트(%) :
UI_20150317_001044	섀도우
UI_20150317_001045	{s20}{#BBBBBB}섀도우맵
UI_20150317_001046	섀도우맵 사용
UI_20150317_001047	섀도우 품질 :
UI_20150317_001048	SSAO 사용
UI_20150317_001049	SSAO 방식 :
UI_20150317_001050	SSAO 해상도 :
UI_20150317_001051	물반사
UI_20150317_001052	{s20}{#BBBBBB}물 반사
UI_20150317_001053	캐릭터 물반사
UI_20150317_001054	배경 물반사
UI_20150317_001055	{s20}{#BBBBBB}Glow 설정
UI_20150317_001056	Glow 사용
UI_20150317_001057	{@st41}攻击{/}
UI_20150317_001058	{@st41}防御{/}
UI_20150317_001059	{@st41}治愈{/}
UI_20150317_001060	{@st41}难度{/}
UI_20150317_001061	{@st41}发型
UI_20150317_001062	{@st41}旋转
UI_20150317_001063	{@st43}创建角色
UI_20150317_001064	{@st59}创建选择好的角色{/}
UI_20150317_001065	{@st41b}取消选择
UI_20150317_001066	{@st59}取消角色创建{/}
UI_20150317_001067	캐릭터정보
UI_20150317_001068	{@st41}함께하기
UI_20150317_001069	{@st59}클릭후 캐릭터를 선택하면 컴패니언이 따라다닙니다{/}
UI_20150317_001070	道具 생성 UI
UI_20150317_001071	{s24}이름 :
UI_20150317_001072	{s16} 힘 :
UI_20150317_001073	{s16} 체력 :
UI_20150317_001074	{s16} 민첩 :
UI_20150317_001075	{s16} 기력 :
UI_20150317_001076	{s16} 도력 :
UI_20150317_001077	{s18} 직업선택
UI_20150317_001078	{s18} 정도연맹
UI_20150317_001079	{s18} 천명마교
UI_20150317_001080	홍무문
UI_20150317_001081	대도천
UI_20150317_001082	화선도
UI_20150317_001083	용화극선종
UI_20150317_001084	천자성
UI_20150317_001085	연화교
UI_20150317_001086	{s16}성별 및 외모
UI_20150317_001087	남
UI_20150317_001088	여
UI_20150317_001089	머리 조절
UI_20150317_001090	키 조절
UI_20150317_001091	어깨 넓이
UI_20150317_001092	손, 발 크기
UI_20150317_001093	가슴 사이즈
UI_20150317_001094	허리 사이즈
UI_20150317_001095	골반 사이즈
UI_20150317_001096	{s18} 머리크기
UI_20150317_001097	{s14} 키 조절
UI_20150317_001098	{s14} 어깨 넓이
UI_20150317_001099	{s14} 손, 발 크기
UI_20150317_001100	{s14} 가슴 사이즈
UI_20150317_001101	{s14} 허리 사이즈
UI_20150317_001102	{s14} 골반 사이즈
UI_20150317_001103	미리설정값
UI_20150317_001104	임의설정값
UI_20150317_001105	신규 인물 생성
UI_20150317_001106	인물 생성 取消
UI_20150317_001107	{@st43}{s40}{gr gradation4}게임 시작{/}
UI_20150317_001108	{@st43}{s40}{gr gradation4}미리보기 종료{/}
UI_20150317_001109	{@st43}{s40}{gr gradation4}존으로돌아가기{/}
UI_20150317_001110	{@st59}다시 존으로 들어갑니다.{/}
UI_20150317_001111	{@st41b}돌아가기{/}
UI_20150317_001112	{@st59}나의 배럭으로 돌아갑니다.{/}
UI_20150317_001113	{@st43}{s24}배럭 이름{/}
UI_20150317_001114	{@st59}배럭 이름{/}
UI_20150317_001115	{@st41b}꾸미기{/}
UI_20150317_001116	{@st59}배럭 꾸미기{/}
UI_20150317_001117	{@st41b}설  정{/}
UI_20150317_001118	{@st59}배럭 설정{/}
UI_20150317_001119	커스터마이즈 道具 프레임
UI_20150317_001120	녹색
UI_20150317_001121	밀도
UI_20150317_001122	체력이라던가
UI_20150317_001123	{@st59}Primary Accessory{/}
UI_20150317_001124	{@st59}Secondary Accessory{/}
UI_20150317_001125	{@st42}텍스트{/}
UI_20150317_001126	기본 콘텐츠 이름
UI_20150317_001127	기본 그룹 이름
UI_20150317_001128	기본 道具 이름
UI_20150317_001129	김평직
UI_20150317_001130	价格 : %s
UI_20150317_001131	별별벼려별
UI_20150317_001132	%s 종족
UI_20150317_001133	표례스텨(싱뮬형)
UI_20150317_001134	不可交易
UI_20150317_001135	강화 불가
UI_20150317_001136	별별별별
UI_20150317_001137	템이름
UI_20150317_001138	이 템을 착용하면 어쩌고 저쩌고
UI_20150317_001139	레벨 몇 이상
UI_20150317_001140	누구는 장착 가능
UI_20150317_001141	최대 소캣 %s개
UI_20150317_001142	道具 이륨
UI_20150317_001143	商店销售价格 : %s 银
UI_20150317_001144	얼마
UI_20150317_001145	{@st42b}샤울레이 전체 探索率{/}
UI_20150317_001146	{@st42b}서쪽숲 探索率{/}
UI_20150317_001147	{@st18}道具{/}
UI_20150317_001148	{@st18}내 순위{/}
UI_20150317_001149	다이야
UI_20150317_001150	체력 플러스 구천
UI_20150317_001151	{@st18}평균{/}
UI_20150317_001152	{@st42b}{s18}숙련도{/}
UI_20150317_001153	{@st55_c}道具 이름
UI_20150317_001154	{@st55_c}메모 기록
UI_20150317_001155	{@st59}이름을 입력합니다. 입력하지 않을경우 기본이름으로 제작됩니다.{/}
UI_20150317_001156	{@st59}메모를 입력합니다{/}
UI_20150317_001157	{@st43}道具 제작
UI_20150317_001158	{@st42b}%s 점{/}
UI_20150317_001159	{@st42b}%s 개{/}
UI_20150317_001160	{@st42b}%s점{/}
UI_20150317_001161	{@st42b}%s개{/}
UI_20150317_001162	{s16}{ol}개당 가격
UI_20150317_001163	총 가격 :   1
UI_20150317_001164	{@st41}도움말
UI_20150317_001165	{@st41}사진에 대한 설명
UI_20150317_001166	{@st41}등록
UI_20150317_001167	{@st41}이  름
UI_20150317_001168	{@st41}信箱
UI_20150317_001169	{@st43}이  름{/}
UI_20150317_001170	{@st41b}信箱{/}
UI_20150317_001171	{@st42b}로그인{/}
UI_20150317_001172	{@st41}새 대화 만들기
UI_20150317_001173	{@st41}전체 대화
UI_20150317_001174	지역이름
UI_20150317_001175	{@st41}스킬이름
UI_20150317_001176	{@st41}특성포인트
UI_20150317_001177	{@st41}클래스이름
UI_20150317_001178	케릭터 이름
UI_20150317_001179	{@sti7}삭제{/}
UI_20150317_001180	케릭터 레벨
UI_20150317_001181	{@st42}퀘스트공유{/}
UI_20150317_001182	{@st42}경험치공유{/}
UI_20150317_001183	케릭터 메모
UI_20150317_001184	Avg. Party level : {#FFFF00}%s{/}
UI_20150317_001185	Finding Party : {#FFFF00}%s{/}
UI_20150317_001186	Cleric / Archer
UI_20150317_001187	Share Quest : {#FFFF00}%s{/}
UI_20150317_001188	사아용
UI_20150317_001189	경험치 분배규칙 : {#FFFF00}%s{/}
UI_20150317_001190	규운등 분배
UI_20150317_001191	道具 분배규칙 : {#FFFF00}%s{/}
UI_20150317_001192	래앤덤하게 분배
UI_20150317_001193	어떻게하면내가
UI_20150317_001194	누군지모를까
UI_20150317_001195	{@st41b}모험일지에 등록되었습니다.
UI_20150317_001196	퀘스트용 메뉴오브젝트
UI_20150317_001197	퀘스트의 카테고리
UI_20150317_001198	퀘스트의 리스트 오브젝트
UI_20150317_001199	퀘스트의 리스트 오브젝트-여기까지는 옛날꺼임
UI_20150317_001200	로드맵에서 사용하는 라인
UI_20150317_001201	슬롯 오브젝트_일반용
UI_20150317_001202	슬롯 오브젝트_캐시슬롯
UI_20150317_001203	캐릭터 상세 정보 타입1
UI_20150317_001204	캐릭터 상세 정보 타입2
UI_20150317_001205	인벤토리 리스트 타입1
UI_20150317_001206	인벤토리 리스트 타입2
UI_20150317_001207	인벤토리 슬롯 타입
UI_20150317_001208	마켓에서 道具 보기_디테일
UI_20150317_001209	道具 이름 출력
UI_20150317_001210	남아 있는 개수를 출력
UI_20150317_001211	값을 출력
UI_20150317_001212	카트에 담았을 때
UI_20150317_001213	총합을 출력
UI_20150317_001214	道具 출력용
UI_20150317_001215	단가출력
UI_20150317_001216	道具 카테고리
UI_20150317_001217	새 소식
UI_20150317_001218	{@st42b}재시작{/}
UI_20150317_001219	펠탕스탕
UI_20150317_001220	99 서클
UI_20150317_001221	부베 망나니 8마리 처치
UI_20150317_001222	툴팁
UI_20150317_001223	EXP : sad{br}+1 인챈트 크리스탈 (공격)
UI_20150317_001224	어프렌티스 소드
UI_20150317_001225	修理 내구도 :
UI_20150317_001226	修理비용 : 120 실버
UI_20150317_001227	修理비용 : %s 실버
UI_20150317_001228	{@st42b}입찰수 {@sti7}%s{/}
UI_20150317_001229	{@st42b}현재가 {img icon_item_silver 20 20}{@st57}%s{/}
UI_20150317_001230	{@st41}바로 구매! {img icon_item_silver 20 20}{@st57}%s{/}
UI_20150317_001231	{@st41b}道具 수령{/}
UI_20150317_001232	{@st42b}입찰금 {img icon_item_silver 20 20}{@st57} %s{/}
UI_20150317_001233	{@sti7}반환
UI_20150317_001234	{@st59}머리{/}
UI_20150317_001235	{@st59}왼팔찌{/}
UI_20150317_001236	{@st59}오른팔찌{/}
UI_20150317_001237	{@st59}의상{/}
UI_20150317_001238	{@st59}링2{/}
UI_20150317_001239	펫이름
UI_20150317_001240	잡화상 묶음
UI_20150317_001241	서쪽숲등
UI_20150317_001242	NXP 소모
UI_20150317_001243	카테고리이름
UI_20150317_001244	도움말 입니당
UI_20150317_001245	{@sti7}%s 점{/}
UI_20150317_001246	{@st41b}%s 점수
UI_20150317_001247	퀘스트 클리어 25개
UI_20150317_001248	- [서브] 가시숲
UI_20150317_001249	{@st42}장착 道具
UI_20150317_001250	{@st44}%s랭크 클래스 정보{/}
UI_20150317_001251	몇차 전직 정보
UI_20150317_001252	하트라던가
UI_20150317_001253	쇼드뮨
UI_20150317_001254	%s 레벨
UI_20150317_001255	笔记 : {#666666}%s
UI_20150317_001256	아야세
UI_20150317_001257	%s 님과의 관계 배지
UI_20150317_001258	{#FFFF33}%s{/} 님이 친구로 초대하였습니다{/}
UI_20150317_001259	{@st41b}수락
UI_20150317_001260	{@st41b}거절
UI_20150317_001261	{@st53b}친구 목록을 로딩중입니다.
UI_20150317_001262	레벨 %s{/}
UI_20150317_001263	{@st41}取消
UI_20150317_001264	판매할 BUFF를 등록해주세요.
UI_20150317_001265	가격 : %s{/}
UI_20150317_001266	남은갯수
UI_20150317_001267	{@st41}구매
UI_20150317_001268	남은갯수 : %s{/}
UI_20150317_001269	{@st41}道具{/}
UI_20150317_001270	{@st41b}笔记
UI_20150317_001271	{@st41b}제작
UI_20150317_001272	{@st41b}가격 : %s{/}
UI_20150317_001273	{@sti5}가격 : %s{/}
UI_20150317_001274	{@sti9}组队任务 (%s){/}
UI_20150317_001275	{@st41_yellow}探索程度 %s%{/}
UI_20150317_001276	{@st41_yellow}分数 %s{/}
UI_20150317_001277	{@st42b}{b}Archivement Rate{/}
UI_20150317_001278	{@st59}파티 퀘스트 진행을 수락합니다{/}
UI_20150317_001279	윈도우
UI_20150317_001280	스테이더스
UI_20150317_001281	탭
UI_20150317_001282	이미지道具
UI_20150317_001283	이펙트
UI_20150317_001284	컨트롤셋
UI_20150317_001285	{@st41}Difficulty : %s
UI_20150317_001286	{@st42}Remaining Time : %s
UI_20150317_001287	{@st53}Crafted Item
UI_20150323_001288	{@st59}Add item to the Slot{/}
UI_20150323_001289	{@st42}취 소
UI_20150323_001290	{@st42}확 인
UI_20150323_001291	{@st43}브리케팅{/}
UI_20150323_001292	目前的 潜力点
UI_20150323_001293	소비 재료
UI_20150323_001294	소비 갯수
UI_20150323_001295	보유 갯수
UI_20150323_001296	{@sti6}거래 기록
UI_20150323_001297	{@st43}거점
UI_20150323_001298	간판 제목
UI_20150323_001299	{@st43}건설
UI_20150323_001300	{@stc1}거점 유지 시간
UI_20150323_001301	{@stc1}효과
UI_20150323_001302	{@stc1}소비재료 및 비용
UI_20150323_001303	{@st41b}거점
UI_20150323_001304	{@st41b}로그
UI_20150323_001305	{@st41b}Refresh Time
UI_20150323_001306	{@st59}유지 시간을 갱신합니다{/}
UI_20150323_001307	{@st41b}거점 유지 시간
UI_20150323_001308	{@st41b}Effectivity
UI_20150323_001309	{@st42b}갱신시 24시간 추가 거점이 유지되며 %s실버가 소모됩니다.
UI_20150323_001310	{@st41b}Private Warehouse
UI_20150323_001311	{@stc1}每次存放和提取都需 %s银的手续费{/}
UI_20150323_001312	{@st41}{#ffff00}타겟 고정{/}
UI_20150323_001313	{@st43}배식 테이블
UI_20150323_001314	{@st41b}음식종류
UI_20150323_001315	{@st41b}테이블
UI_20150323_001316	{@st59}배식테이블을 닫습니다{/}
UI_20150323_001317	{@st43}그리모어{/}
UI_20150323_001318	{@st59}그리모어 UI를 닫습니다{/}
UI_20150323_001319	내 소환 스킬
UI_20150323_001320	메인 카드
UI_20150323_001321	Heal카드
UI_20150323_001322	스텟
UI_20150323_001323	콘
UI_20150323_001324	인트
UI_20150323_001325	덱스
UI_20150323_001326	크리
UI_20150323_001327	{@st43}상점 개설{/}
UI_20150323_001328	{@st41b}设置
UI_20150323_001329	개당 가격
UI_20150323_001330	{@st41b}재료 목록
UI_20150323_001331	{@st43}젬로스팅{/}
UI_20150323_001332	{@st59}UI를 닫습니다{/}
UI_20150323_001333	{@st41b}손질{/}
UI_20150323_001334	{@st41b}로그{/}
UI_20150323_001335	받는 가격
UI_20150323_001336	{@st59}젬을 올려주세요{/}
UI_20150323_001337	소비재료
UI_20150323_001338	남은 갯수
UI_20150323_001339	{@st42}폐점
UI_20150323_001340	{@st43}무기 손질{/}
UI_20150323_001341	{@st43}装备 손질{/}
UI_20150323_001342	{@st41b}받는 가격
UI_20150323_001343	{@st41b}소비재료
UI_20150323_001344	{@st43}수 리{/}
UI_20150323_001345	{@st41b}修理{/}
UI_20150323_001346	스킬레벨
UI_20150323_001347	{@st41}입장가능 인원
UI_20150323_001348	{@st43}道具 각성 던전
UI_20150323_001349	{@st41}필요 재료
UI_20150323_001350	{@st59}필요재료{/}
UI_20150323_001351	권장 레벨 : %s
UI_20150323_001352	{@st43}UI 선택 모드{/}
UI_20150323_001353	{@st43}委托商店菜单
UI_20150323_001354	店名
UI_20150323_001355	{@st41b}开店
UI_20150323_001356	{@st59}建立委托商店{/}
UI_20150323_001357	{@st59}取消{/}
UI_20150323_001358	{@st59}关闭委托商店菜单{/}
UI_20150323_001359	매입의뢰
UI_20150323_001360	{@st59}매입의뢰상점을 닫습니다.
UI_20150323_001361	{@st59}매입의뢰상점{nl} - 내가 가진 물건을 실버로 교환할 수 있습니다.
UI_20150323_001362	{@st43}의뢰자가 원하는 물건{/}
UI_20150323_001363	{@st43}판매하고자 하는 물건
UI_20150323_001364	{@st43}총 수입
UI_20150323_001365	{@st41}판매
UI_20150323_001366	{@st41}연금 재료
UI_20150323_001367	{@st41}연금 대상 {@stx1}(%s 소요){/}
UI_20150323_001368	{@st59}펫을 소환합니다.{/}
UI_20150323_001369	{@st41b}角色设置{/}
UI_20150323_001370	{@st59}Grimoire{/}
UI_20150323_001371	{@st41b}Enable Bloom{/}
UI_20150323_001372	{@st41b}Enable Fog of War{/}
UI_20150323_001373	{@st41b}Enable FXAA{/}
UI_20150323_001374	{@st41b}Enable GLOW{/}
UI_20150323_001375	{@st41b}Enable Depth{/}
UI_20150323_001376	{@st41b}Enable SoftParticle{/}
UI_20150323_001377	{@st43}个人仓库{/}
UI_20150323_001378	{@st59}关闭个人仓库{/}
UI_20150323_001379	{@sti6}每次存放和提取都需 %s银的手续费{/}
UI_20150323_001380	{@st59}切换武器设置 (Alt+Z){/}
UI_20150323_001381	{@st59}保存房屋设置{/}
UI_20150323_001382	房屋更改
UI_20150323_001383	{@st59}Close he House Changes.
UI_20150323_001384	{@st59}House Changes{nl} - Change the map of the house and extend the number of characters who can be created.
UI_20150323_001385	{@st41}取消预览
UI_20150323_001386	{@st46}My NXP : %s{/}
UI_20150323_001387	{@st41b}House Changes{/}
UI_20150323_001388	{@st59}房屋装修{/}
UI_20150323_001389	{@st41b}房屋设置{/}
UI_20150323_001390	{@st59}更该房屋设置{/}
UI_20150323_001391	{@st45ty}角色致辞{/}
UI_20150323_001392	{@st45ty}采购商店
UI_20150323_001393	{@st41b}编辑
UI_20150323_001394	{@st59}更改角色致辞{/}
UI_20150323_001395	{@st59}委托商店设置{/}
UI_20150323_001396	售出量 : %s{/}
UI_20150323_001397	구입할 道具 검색
UI_20150323_001398	售出量
UI_20150323_001399	单价
UI_20150323_001400	{@sti5}%s 개{/}
UI_20150323_001401	{@st41}먹기
UI_20150323_001402	{@st41}제작
UI_20150323_001403	{@st41}제작 갯수
UI_20150323_001404	{@st41}소비 재료
UI_20150401_001405	{@st59}브리케팅을 닫습니다{/}
UI_20150401_001406	{@st41}거점 해체
UI_20150401_001407	{@st43}[%s Circle]{/}
UI_20150401_001408	{@st43}Skill{/}
UI_20150401_001409	{@st43}Class Tip{/}
UI_20150401_001410	Class Tip
UI_20150401_001411	{@st42}{#ffff00}타겟 고정{/}
UI_20150401_001412	{@st41}테이블 해체
UI_20150401_001413	{@st43}팅크쳐링{/}
UI_20150401_001414	조이스틱 퀵슬롯
UI_20150401_001415	{@st42}{#ffff00}키보드 모드{/}
UI_20150401_001416	{@st43}봉헌함 열기
UI_20150401_001417	{@st41b}열기
UI_20150401_001418	{@st41b}봉헌함
UI_20150401_001419	{@st41}봉헌함 이름
UI_20150401_001420	지급 금액
UI_20150401_001421	예상 수익
UI_20150401_001422	소지금
UI_20150401_001423	{@st45tw}봉헌함 물품 상세내용
UI_20150401_001424	{@st41}일괄 판매
UI_20150401_001425	{@st43}봉헌함
UI_20150401_001426	봉헌하기
UI_20150401_001427	거래 정산
UI_20150401_001428	예상 잔액
UI_20150401_001429	{@st45tw}봉헌함
UI_20150401_001430	{@st41}비우기
UI_20150401_001431	{@st43}현재 존 유저 목록{/}
UI_20150401_001432	{@st59}운영자 UI리스트를 닫습니다{/}
UI_20150401_001433	{@st41}组队描述 :
UI_20150401_001434	{s20}독의 양  {s28}{b}{#ff6600}%s
UI_20150401_001435	독 제조용 재료 道具
UI_20150401_001436	{@st41b}전체 선택{/}
UI_20150401_001437	{@st59}再点一次取消全选{/}
UI_20150401_001438	{@st41b}제조{/}
UI_20150401_001439	{@st59}섞고 섞고 돌리고 섞고{/}
UI_20150401_001440	{@st41b}成就{/}
UI_20150401_001441	染发剂
UI_20150401_001442	装备称号
UI_20150401_001443	{@st41b}조이스틱 UI 모드{/}
UI_20150401_001444	{@st41}{#ffffcc}名称
UI_20150401_001445	{@st41}{#ffffcc}价格
UI_20150401_001446	{@st41}{#ffffcc}状态
UI_20150401_001447	{@st41b}取消预览
UI_20150401_001448	{@st41}{#ffff00}My NXP : %s{/}
UI_20150401_001449	착용중
UI_20150401_001450	설명 : {#FFFF00}%s{/}
UI_20150401_001451	평균 레벨 : {#FFFF00}%s{/}
UI_20150401_001452	조건
UI_20150401_001453	칭호   %s
UI_20150401_001454	보상   %s
UI_20150401_001455	{@st42}갯수
UI_20150406_001456	{@st43}Base Camp
UI_20150406_001457	{@st42}건설
UI_20150406_001458	{@st42}取消
UI_20150406_001459	{@stc1}캠프 유지 시간
UI_20150406_001460	{@st41b}Base Camp
UI_20150406_001461	{@st41b}Time left
UI_20150406_001462	{@st42b}갱신시 24시간 추가 캠프 유지되며{nl} %s실버가 소모됩니다.
UI_20150406_001463	{@st41}Dismantle
UI_20150406_001464	{@st42}테이블 해체
UI_20150406_001465	{@st59b}그리모어{nl}{@st59s} - 카드를 덱에 올리고 소환술을 실행합니다{/}
UI_20150406_001466	{@st41}내 소환 스킬
UI_20150406_001467	{@st41}스텟
UI_20150406_001468	{@st41b}봉헌함 이름
UI_20150406_001469	{@st41b}봉헌함 물품 상세내용
UI_20150406_001470	{@st59}매입의뢰상점을 닫습니다
UI_20150406_001471	{@st59b}매입의뢰상점{nl}{@st59s} - 내가 가진 물건을 실버로 교환할 수 있습니다
UI_20150406_001472	{@st41b}의뢰자 요청 道具{/}
UI_20150406_001473	{@st41b}판매 등록 道具{/}
UI_20150406_001474	{@st41b}총 수입
UI_20150406_001475	{@st41b}판매
UI_20150406_001476	{@st59}등록한 道具을 판매합니다{/}
UI_20150406_001477	{@st59}关闭人仓库{/}
UI_20150406_001478	{@st41b}每次存放和提取都需 %s银的手续费{/}
UI_20150406_001479	{@st41b}갯수
UI_20150414_001480	{@st42b}Reset the remaining time of the Camp{nl} This costs %s Silver.
UI_20150414_001481	{@st41b}Type           {@sti7}%s{/}
UI_20150414_001482	{@st41b}Operational Level {@sti7}%s{/}
UI_20150414_001483	{@st59b}  道具  {/}
UI_20150414_001484	{@st59b}  怪物  {/}
UI_20150414_001485	{@st59b}  地图移动  {/}
UI_20150414_001486	{@st59b}  战斗指令  {/}
UI_20150414_001487	{s26}{b}개
UI_20150414_001488	{s26}{b}레벨
UI_20150414_001489	{@st44}{s26}레벨
UI_20150414_001490	{@st59b}{s26}마리
UI_20150414_001491	{@st41b}조리
UI_20150414_001492	{@st41b}음식
UI_20150414_001493	{@st42}배식대 해체
UI_20150414_001494	{@st41b}기록{/}
UI_20150414_001495	{@st41}组队描述
UI_20150414_001496	{@st41b}Edit{/}
UI_20150414_001497	로스팅 레벨 %s
UI_20150428_001498	{@st43}매입상점{/}
UI_20150428_001499	{@st41b}마감하기
UI_20150428_001500	{@st41b}버그 제보
UI_20150428_001501	{@st59}문제가 있는 사항을 알립니다{/}
UI_20150428_001502	버그를 제보하시면 현재까지 게임플레이 화면이 서버로 전송됩니다. 전송된 리플레이 파일은 버그 수정에 큰 도움이 됩니다. 전송하시겠습니까?
UI_20150428_001503	{@st41b}버그 내용 :{/}
UI_20150428_001504	{@st41b}버그 내용은 필수 입력 사항이 아니지만 분석에 도움이 됩니다.
UI_20150428_001505	{@st41b}전송
UI_20150428_001506	{@st42}{s14}{#ffff00}타겟 고정{/}
UI_20150428_001507	{@st59}거리나 방향 전환에 관계없이 타겟을 고정합니다
UI_20150428_001508	파티 조건 일치!
UI_20150428_001509	조이스틱 휴식 퀵슬롯
UI_20150428_001510	{@st41b}휴식모드
UI_20150428_001511	조이패드 튜토리얼
UI_20150428_001512	{@st59}조이패드 설명을 닫습니다.(M){/}
UI_20150428_001513	키보드 튜토리얼
UI_20150428_001514	{@st44}로그아웃{/}
UI_20150428_001515	{@st41b}헬퍼 남기기(NXP %s개 필요){/}
UI_20150428_001516	增加插槽费用 : {#ff9933}%s{/}{nl}젬 제거 비용 : {#ff9933}%s{/}
UI_20150428_001517	{@st41b}젬 제거
UI_20150428_001518	{@st42}{s14}{#ffff00}UI 모드{/}
UI_20150428_001519	{@st59}키보드나 조이패드를 사용해서 UI를 조작합니다
UI_20150428_001520	使用组队寻找功能
UI_20150428_001521	찾기 기능을 사용하는 캐릭터 중 조건에 맞는 캐릭터를{nl}만난다면 [파티 조건 일치!] 문구가 표시 됩니다.
UI_20150428_001522	{@st41}플레이 스타일{/}
UI_20150428_001523	任务进行
UI_20150428_001524	狩猎中心
UI_20150428_001525	活动进行
UI_20150428_001526	{@st41}等级差异{/}
UI_20150428_001527	无关联  /
UI_20150428_001528	{@st41}원하는 클래스 계열{/}
UI_20150428_001529	{@st41b}退出组队
UI_20150428_001530	{@st59}파티 설명으로 검색합니다{/}
UI_20150428_001531	{s18}{ol}{gr gradation1}헬퍼 규칙{/}
UI_20150428_001532	{@st59}제조를 실행합니다.{/}
UI_20150428_001533	{@st45ty}헤어컬러
UI_20150428_001534	{@st45ty}장착 가능 칭호
UI_20150428_001535	{@st41_yellow}헬퍼 스킬
UI_20150428_001536	{@st41b}다른 캐릭터 이름 표시{/}
UI_20150428_001537	{@st43}操作模式{/}
UI_20150428_001538	{@st41b}자동自动{/}
UI_20150428_001539	{@st41b}조이패드手柄{/}
UI_20150428_001540	{@st41b}키보드键盘{/}
UI_20150428_001541	手柄
UI_20150428_001542	{@st59}手柄指南{/}
UI_20150428_001543	키보드
UI_20150428_001544	{@st59}键盘指南{/}
UI_20150428_001545	{@st43}图形设置{/}
UI_20150428_001546	{@st43}성능 조정{/}
UI_20150428_001547	{@st41b}저사양모드{/}
UI_20150428_001548	{@st41b}자동조정{/}
UI_20150428_001549	{@st41b}사용안함{/}
UI_20150428_001550	게임faq
UI_20150428_001551	인원 : (%s/%s)
UI_20150428_001552	100레벨 이상 : (%s/%s)
UI_20150511_001553	{@st41}파티초대 링크걸기
UI_20150714_001554	{@st66b}낙찰물품 : %s개 / 유찰물품 : %s개{/}
UI_20150714_001555	{@st41b}거래 기록
UI_20150714_001556	{@st41b}캠프 해체
UI_20150714_001557	카드대전
UI_20150714_001558	{@st64}%s승{/}
UI_20150714_001559	카드 결정
UI_20150714_001560	冒险指数 {#ffff00}%s{/} ({#ffff00}%s{/}위)
UI_20150714_001561	{@st66b}좋아요!
UI_20150714_001562	이 캐릭터가 좋아요 {#ffff00}%s{/}
UI_20150714_001563	{@st41b}배식대 해체
UI_20150714_001564	{@st42}내 소환 스킬
UI_20150714_001565	{@st42}스텟
UI_20150714_001566	{@st42}현재 위치 : %s{/}
UI_20150714_001567	{@st59b}착용装备{nl}{@st59s} - 헤어/코스튬 : 외형 변경 가능 道具 착용{nl} - 무기 : 한손 装备 및 양손 装备 착용 가능{nl}   (한손 装备 착용시 서브웨폰/방패 착용 가능 ){nl} - 방어구 : 상의, 하의, 장갑, 신발 착용{nl} - 악세서리 : 목걸이 1개, 팔찌 2개 착용{nl}   (팔찌2는 Alt키로 비교해 보기/장착 가능){/}
UI_20150714_001568	{@st43}%s 상점 개설{/}
UI_20150714_001569	{@st41b}로스팅{/}
UI_20150714_001570	{@st66}全选
UI_20150714_001571	{@st43}화살제작{/}
UI_20150714_001572	{@st59} UI를 닫습니다{/}
UI_20150714_001573	{@st66b}확인{/}
UI_20150714_001574	{@st66b}헬퍼 남기기(NXP %s개 필요){/}
UI_20150714_001575	增加插槽费用 : {#000000}%s{/} {nl}提取宝石费用 : {#000000}%s{/}
UI_20150714_001576	{ds}建议等级 : %s
UI_20150714_001577	探索率 : 50.0%
UI_20150714_001578	{@st45tw}[探索率 %s%]{/}
UI_20150714_001579	>>더 보기..
UI_20150714_001580	%s (%s 랭크)
UI_20150714_001581	직업이름
UI_20150714_001582	{@st41b}초대
UI_20150714_001583	{@st41}조이패드나 마우스 조작을 원할 경우, 시스템 메뉴의 게임 설정에서 선택할 수 있습니다.{/}
UI_20150714_001584	조건이 일치하는 캐릭터를 만난다면 [파티 조건 일치!] 문구가 표시 됩니다.{nl}또한 파티원을 구하는 다른 파티에 자주 추천됩니다.
UI_20150714_001585	{@st42}플레이 스타일{/}
UI_20150714_001586	{@st42}等级差异{/}
UI_20150714_001587	无关联
UI_20150714_001588	{@st42}원하는 클래스 계열{/}
UI_20150714_001589	{@st42}파티명 : %s{/}
UI_20150714_001590	{@st42}파티 설명{/}
UI_20150714_001591	{@st42}입력{/}
UI_20150714_001592	{@st42}物品分配规则
UI_20150714_001593	{@st42}经验分配规则
UI_20150714_001594	独立分配
UI_20150714_001595	平均分配
UI_20150714_001596	按等级分配
UI_20150714_001597	{@st42}任务共享
UI_20150714_001598	不显示
UI_20150714_001599	{@st42}公开组队目录平台{/}
UI_20150714_001600	희망 레벨
UI_20150714_001601	{@st42}使用组队队友推荐{/}
UI_20150714_001602	距离
UI_20150714_001603	职业
UI_20150714_001604	等级
UI_20150714_001605	当前任务
UI_20150714_001606	亲密关系
UI_20150714_001607	{@st42}파티초대 링크걸기
UI_20150714_001608	>>파티 보기..
UI_20150714_001609	파티이름 : %s
UI_20150714_001610	파티소개 : %s
UI_20150714_001611	결성시간 : %s 전
UI_20150714_001612	인원구성 : %s/5
UI_20150714_001613	가입
UI_20150714_001614	{@st59}使用队伍名称和描述来搜索{/}
UI_20150714_001615	심플 도움말내용
UI_20150714_001616	{@st43}메세지함
UI_20150714_001617	{@st41b}전체
UI_20150714_001618	{@st41b}안읽은 메세지함
UI_20150714_001619	{@st43}{s22}道具을 수령할 캐릭터를 선택해주세요.{/}
UI_20150714_001620	{@st41b}강화
UI_20150714_001621	{@st66}需要修理的道具
UI_20150714_001622	{@st43}시모니
UI_20150714_001623	{@st59}스킬을 올려주세요{/}
UI_20150714_001624	{@st59}关闭技能窗口{/}
UI_20150714_001625	{@st43}技能和特质{/}
UI_20150714_001626	남은 스테이터스 포인트 {nl}{@st46}%s
UI_20150714_001627	내가 받은 좋아요! : %s개
UI_20150714_001628	{@st66b}经验值获量标记{/}
UI_20150714_001629	{@st66b}角色名字显示{/}
UI_20150714_001630	{@st66b}队伍名字显示{/}
UI_20150714_001631	{@st66b}其他角色名字显示{/}
UI_20150714_001632	{@st66b}自动{/}
UI_20150714_001633	{@st66b}手柄{/}
UI_20150714_001634	{@st66b}键盘{/}
UI_20150714_001635	{@st66b}鼠标
UI_20150714_001636	{@st66b}全屏幕{/}
UI_20150714_001637	{@st66b}窗口化{/}
UI_20150714_001638	{@st66b}效果音量 (%s){/}
UI_20150714_001639	{@st66b}背景音量 (%s){/}
UI_20150714_001640	{@st66b}总音量 (%s){/}
UI_20150714_001641	{@st66b}低配模式{/}
UI_20150714_001642	{@st66b}自动调整{/}
UI_20150714_001643	{@st66b}禁用{/}
UI_20150714_001644	{@st66b}Bloom效果{/}
UI_20150714_001645	{@st66b}WarFog效果{/}
UI_20150714_001646	{@st66b}FXAA抗锯齿{/}
UI_20150714_001647	{@st66b}GLOW辉光{/}
UI_20150714_001648	{@st66b}景深效果{/}
UI_20150714_001649	{@st66b}SoftParticle粒子{/}
UI_20150714_001650	{@st66b}高配置纹理{/}
UI_20150714_001651	{@st66b}开启垂直同步{/}
UI_20150714_001652	{@st66b}关闭垂直同步{/}
UI_20150714_001653	{@st66b}每次存放和提取都需 %s银的手续费{/}
UI_20150714_001654	%s가 나를 좋아합니다
UI_20150714_001655	{@st41}관전하기
UI_20150714_001656	{@st66b}관전 종료
UI_20150714_001657	게임을 찾았습니다. 要参加活动吗?
UI_20150714_001658	{@st41}참가
UI_20150714_001659	{@st41}거절
UI_20150714_001660	경기 종료
UI_20150714_001661	데스
UI_20150714_001662	피해량
UI_20150714_001663	{@st41}존으로 돌아가기
UI_20150714_001664	{@st41b}%s초 후 존으로 이동합니다...{/}
UI_20150714_001665	{@st59}请打开信箱{/}
UI_20150714_001666	{@st42}房屋装修{/}
UI_20150714_001667	{@st42}房屋设置{/}
UI_20150714_001668	{@st65}%s 점{/}
UI_20150714_001669	{@st65}%s 개{/}
UI_20150714_001670	{@st65}%s점{/}
UI_20150714_001671	{@st65}%s개{/}
UI_20150714_001672	사진에 대한 설명
UI_20150714_001673	{#000000}%s 초
UI_20150714_001674	{#000000}%s 장착
UI_20150714_001675	파티명 : {#2c140c}%s{/}
UI_20150714_001676	설명 : {#2c140c}%s{/}
UI_20150714_001677	평균 레벨 :  {#2c140c}%s{/}
UI_20150714_001678	찾는 파티원 :  {#2c140c}%s{/}
UI_20150714_001679	퀘스트 공유 :  {#2c140c}%s{/}
UI_20150714_001680	경험치 분배규칙 :  {#2c140c}%s{/}
UI_20150714_001681	道具 분배규칙 :  {#2c140c}%s{/}
UI_20150714_001682	파티는 즐거우셨나요?
UI_20150714_001683	{@st42}%s님이 %s(을)를 드셨습니다
UI_20150714_001684	{@st42}%s님이 %s(을)를 강화하셨습니다.
UI_20150714_001685	笔记 :%s
UI_20150714_001686	{@st59}재료 道具을 슬롯에 추가합니다.{/}
UI_20150714_001687	{@st66b}가격 : %s{/}
UI_20150714_001688	角色致辞
UI_20150714_001689	委托商店
UI_20150714_001690	%s 개
UI_20150714_001691	{@41b}조건
UI_20150714_001692	{@st41}삭제
UI_20150714_001693	{@st41}새로 고침
UI_20150717_001694	이 플레이어가 좋아요 {#ffff00}%s{/}
UI_20150717_001695	{@st41b}{s56}이 게임은 {#0066FF}
UI_20150717_001696	12세 이용가
UI_20150717_001697	{#FFFFFF}입니다.{nl}{s40} {nl}장시간의 게임 이용은 건강을 해칠 수 있습니다.{/}
UI_20150717_001698	{@st66b}입력
UI_20150717_001699	{@st42}내 소환수 정보
UI_20150717_001700	{@st59}STA{nl}{@st59s}当耐力不足时移动速度会减慢{/}
UI_20150717_001701	{@st59}인벤토리를 정렬합니다{/}
UI_20150717_001702	정리
UI_20150717_001703	{@st59}조이패드 설명을 닫습니다.{/}
UI_20150717_001704	{@st59}키보드 설명을 닫습니다.{/}
UI_20150717_001705	마우스 튜토리얼
UI_20150717_001706	{@st59}마우스 설명을 닫습니다.{/}
UI_20150717_001707	공격력 : %s
UI_20150717_001708	방어력 : %s
UI_20150717_001709	힘 : %s
UI_20150717_001710	체력 : %s
UI_20150717_001711	지능 : %s
UI_20150717_001712	민첩 : %s
UI_20150717_001713	정신 : %s
UI_20150717_001714	{@st42b}소드맨 계열은 방향을 빠르게 두번 입력하여 질주할 수 있습니다{/}
UI_20150717_001715	{@st42}队伍名称和描述{/}
UI_20150717_001716	{@st42}插入队伍标签
UI_20150717_001717	{@st41b}公开组队列表{/}
UI_20150717_001718	{@st41b}추천 캐릭터 목록{/}
UI_20150717_001719	{@st41b}추천 받기
UI_20150717_001720	파티 리더만 사용 가능한 기능입니다.
UI_20150717_001721	파티원 추천 기능을 사용해야 합니다.
UI_20150717_001722	{@st66b}퀘스트 클래스 네임{/}
UI_20150717_001723	{@st59b}商店{nl}{@st59s} - 按住Shift鼠标右键可以自定购买数量{nl} - 双击鼠标右键可以一次出售全部数量的物品{/}
UI_20150717_001724	{@st59}鼠标指南{/}
UI_20150717_001725	{@st66b}排序
UI_20150717_001726	{@st59}道具排序{/}
UI_20150717_001727	{@st59}슬롯에 무기 장착{nl}Alt+Z로 무기 전환{/}
UI_20150717_001728	다른사람 시점으로 관전하기
UI_20150717_001729	{@st41}배틀 필드
UI_20150717_001730	결과
UI_20150717_001731	{@st41}바로 이동
UI_20150717_001732	{@st66b} 팀 이름은 모든 캐릭터를 대표하는 이름입니다.{nl}자유롭게 바꿀 수 있는 팀 이름은 거래, 길드 가입, 대화 등에 사용되는 공용 이름입니다.{/}
UI_20150729_001733	{@st42}Show only available{/}
UI_20150729_001734	Leg Count
UI_20150729_001735	Height
UI_20150729_001736	Weight
UI_20150729_001737	{@st43}Gem Roasting{/}
UI_20150729_001738	{@st59b}Item Crafting{nl}{@st59s} - You can craft items using its recipes{nl} - Place the recipe and materials on the slot then craft{nl} - You can attach name and memo on the item{/}
UI_20150729_001739	{@st59}Close Arrow Crafting.{/}
UI_20150729_001740	Fragments needed : Mutant %s / Beast %s / Plant %s
UI_20150729_001741	{@st42b}Swordsman types can run by double tapping directional key.{/}
UI_20150729_001742	{@st41}组队设置
UI_20150729_001743	{@st41}组队信息设置
UI_20150729_001744	{@st42}使用组队搜索功能{/}
UI_20150729_001745	如果有玩家匹配你的条件，将显示消息 [组队条件匹配！]
UI_20150729_001746	{@st41b}推荐玩家列表{/}
UI_20150729_001747	{@st41}Attribute Information
UI_20150729_001748	{@st59}Cancel Enhancement{/}
UI_20150729_001749	{@st59b}Gem/Card Enhancement{nl}{@st59s} - Select Gem or Card to enhance from your inventory{nl} - All items except quest items can be used as materials{nl} (Most effective when using Gem as material){nl} - Card can only be enhanced by using other cards{/}
UI_20150729_001750	{#000000}{s22}Waiting to enter server..
UI_20150729_001751	{#000000}{s22}Server full. Queing for entry.
UI_20150729_001752	{#000000}{s22}Current Rank : %s
UI_20150729_001753	{@st43}团队战斗
UI_20150729_001754	{@st59}关闭团队战斗
UI_20150729_001755	{@st42}团队战斗列表
UI_20150729_001756	{@st43}团队战斗排行
UI_20150729_001757	{@st59}关闭团队战斗排行
UI_20150729_001758	队伍名称
UI_20150729_001759	{@st41b}Skill Name
UI_20150729_001760	{@st59}Accept Party Mission{/}
UI_20150729_001761	{@st59}Delete this ticket.{/}
UI_20150729_001762	Score
UI_20150729_001763	加入团队战斗
UI_20150730_001764	{@st56}我的排行
UI_20150730_001765	{@st56}Kill Rank
UI_20150730_001766	{@st56}Damage Rank
UI_20150730_001767	20150804---15：45 更新
